lat,lon,jobs
25.2,-99.2,1
26.1,-100.8,1
26.1,-99.0,1
26.1,-98.2,1
26.2,-99.3,1
26.2,-98.9,1
26.2,-98.7,11
26.2,-98.6,8
26.2,-98.5,5
26.2,-98.4,2
26.2,-98.2,14
26.2,-97.3,1
26.3,-98.9,1
26.3,-98.8,2
26.3,-98.7,11
26.3,-98.6,6
26.3,-98.5,2
26.3,-98.4,6
26.3,-98.3,2
26.3,-98.2,1
26.4,-99.0,4
26.4,-98.7,2
26.4,-98.5,29
26.4,-98.4,20
26.4,-98.3,1
26.4,-98.2,2
26.4,-98.1,1
26.5,-99.1,1
26.5,-98.7,3
26.5,-98.6,7
26.5,-98.5,67
26.5,-98.4,86
26.5,-98.3,21
26.5,-98.2,2
26.5,-98.0,1
26.5,-97.8,1
26.5,-97.6,2
26.6,-99.2,1
26.6,-99.1,3
26.6,-99.0,1
26.6,-98.5,21
26.6,-98.3,16
26.6,-98.2,12
26.6,-97.9,7
26.7,-99.1,5
26.7,-99.0,1
26.7,-98.5,10
26.7,-98.4,3
26.7,-98.3,38
26.7,-98.2,8
26.7,-97.9,4
26.8,-99.2,5
26.8,-98.9,6
26.8,-98.7,1
26.8,-98.4,2
26.8,-98.3,5
26.8,-97.8,1
26.9,-99.3,2
26.9,-99.2,2
26.9,-99.1,2
26.9,-99.0,2
26.9,-98.9,1
26.9,-98.2,9
26.9,-98.1,2
26.9,-98.0,1
26.9,-97.9,1
26.9,-97.8,1
27.0,-99.3,7
27.0,-99.2,1
27.0,-99.1,2
27.0,-99.0,2
27.0,-98.0,2
27.0,-97.9,36
27.0,-97.8,3
27.0,-97.0,1
27.0,-95.2,1
27.1,-99.4,2
27.1,-99.3,10
27.1,-99.2,11
27.1,-99.0,5
27.1,-98.8,1
27.1,-98.7,1
27.1,-98.6,3
27.1,-98.1,7
27.1,-98.0,1
27.1,-97.9,1
27.1,-97.8,3
27.2,-99.4,9
27.2,-99.2,1
27.2,-99.1,8
27.2,-99.0,1
27.2,-98.9,1
27.2,-98.7,1
27.2,-98.6,5
27.2,-98.5,1
27.2,-98.3,1
27.2,-98.1,6
27.2,-98.0,55
27.2,-97.7,2
27.2,-97.6,1
27.3,-99.4,11
27.3,-99.3,10
27.3,-99.2,4
27.3,-99.1,8
27.3,-99.0,5
27.3,-98.6,4
27.3,-98.5,2
27.3,-98.2,1
27.3,-98.1,1
27.3,-98.0,25
27.3,-97.6,5
27.3,-97.4,1
27.4,-99.4,6
27.4,-99.3,4
27.4,-99.2,19
27.4,-99.1,1
27.4,-99.0,5
27.4,-98.9,3
27.4,-98.7,1
27.4,-98.3,1
27.4,-98.2,1
27.4,-98.0,21
27.4,-97.9,12
27.4,-97.8,1
27.4,-97.7,9
27.4,-97.6,3
27.5,-99.5,4
27.5,-99.4,15
27.5,-99.3,20
27.5,-99.2,13
27.5,-99.1,2
27.5,-98.9,2
27.5,-98.3,1
27.5,-97.9,2
27.5,-97.6,2
27.6,-99.4,12
27.6,-99.3,22
27.6,-99.2,6
27.6,-99.1,3
27.6,-98.9,4
27.6,-98.7,1
27.6,-98.2,1
27.6,-97.9,5
27.6,-97.6,1
27.7,-99.8,2
27.7,-99.7,36
27.7,-99.6,22
27.7,-99.5,103
27.7,-99.4,32
27.7,-99.3,1
27.7,-99.2,5
27.7,-99.0,3
27.7,-98.7,1
27.7,-97.8,1
27.7,-97.7,2
27.7,-97.5,1
27.8,-99.9,1
27.8,-99.8,98
27.8,-99.7,28
27.8,-99.6,103
27.8,-99.5,51
27.8,-99.4,81
27.8,-99.3,2
27.8,-99.0,2
27.8,-98.7,2
27.8,-97.8,9
27.8,-97.7,1
27.8,-97.5,6
27.8,-97.4,6
27.9,-100.0,1
27.9,-99.9,9
27.9,-99.8,98
27.9,-99.7,68
27.9,-99.6,30
27.9,-99.5,85
27.9,-99.4,59
27.9,-99.3,50
27.9,-99.2,4
27.9,-98.7,4
27.9,-98.6,1
27.9,-98.5,1
27.9,-97.8,1
27.9,-97.7,2
27.9,-97.5,3
27.9,-97.4,20
27.9,-97.3,3
28.0,-100.0,18
28.0,-99.9,122
28.0,-99.8,86
28.0,-99.7,97
28.0,-99.6,68
28.0,-99.5,77
28.0,-99.4,53
28.0,-99.3,48
28.0,-99.2,23
28.0,-99.1,1
28.0,-98.8,3
28.0,-98.6,1
28.0,-97.3,9
28.0,-97.0,1
28.1,-100.1,1
28.1,-100.0,74
28.1,-99.9,192
28.1,-99.8,211
28.1,-99.7,280
28.1,-99.6,160
28.1,-99.5,92
28.1,-99.4,81
28.1,-99.3,34
28.1,-99.2,13
28.1,-99.1,7
28.1,-98.5,1
28.1,-98.4,4
28.1,-97.8,1
28.1,-93.3,1
28.2,-100.2,8
28.2,-100.1,96
28.2,-100.0,202
28.2,-99.9,220
28.2,-99.8,245
28.2,-99.7,253
28.2,-99.6,120
28.2,-99.5,112
28.2,-99.4,43
28.2,-99.3,63
28.2,-99.2,108
28.2,-99.1,72
28.2,-99.0,11
28.2,-98.9,20
28.2,-98.8,5
28.2,-98.7,1
28.2,-98.6,19
28.2,-98.4,1
28.2,-98.3,4
28.2,-98.1,1
28.2,-97.9,2
28.2,-96.9,3
28.2,-96.5,1
28.3,-100.3,2
28.3,-100.2,23
28.3,-100.1,149
28.3,-100.0,232
28.3,-99.9,309
28.3,-99.8,321
28.3,-99.7,291
28.3,-99.6,131
28.3,-99.5,86
28.3,-99.4,13
28.3,-99.3,122
28.3,-99.2,142
28.3,-99.1,69
28.3,-99.0,123
28.3,-98.9,109
28.3,-98.8,114
28.3,-98.7,56
28.3,-98.6,24
28.3,-98.5,18
28.3,-98.4,13
28.3,-98.3,3
28.3,-98.2,6
28.3,-98.0,1
28.3,-97.5,1
28.3,-97.2,2
28.3,-96.9,3
28.3,-96.8,3
28.4,-100.2,8
28.4,-100.1,121
28.4,-100.0,99
28.4,-99.9,114
28.4,-99.8,174
28.4,-99.7,300
28.4,-99.6,254
28.4,-99.5,252
28.4,-99.4,216
28.4,-99.3,88
28.4,-99.2,98
28.4,-99.1,189
28.4,-99.0,133
28.4,-98.9,100
28.4,-98.8,125
28.4,-98.7,153
28.4,-98.6,133
28.4,-98.5,113
28.4,-98.4,116
28.4,-98.3,27
28.4,-98.2,12
28.4,-98.1,3
28.4,-98.0,3
28.4,-93.4,1
28.5,-100.3,2
28.5,-100.2,3
28.5,-100.1,26
28.5,-100.0,14
28.5,-99.9,11
28.5,-99.8,7
28.5,-99.7,32
28.5,-99.6,94
28.5,-99.5,222
28.5,-99.4,223
28.5,-99.3,309
28.5,-99.2,258
28.5,-99.1,289
28.5,-99.0,300
28.5,-98.9,232
28.5,-98.8,194
28.5,-98.7,222
28.5,-98.6,217
28.5,-98.5,244
28.5,-98.4,101
28.5,-98.3,41
28.5,-98.2,47
28.5,-98.1,15
28.5,-98.0,4
28.5,-97.9,2
28.6,-100.3,4
28.6,-100.2,7
28.6,-100.1,21
28.6,-100.0,7
28.6,-99.9,10
28.6,-99.8,22
28.6,-99.7,3
28.6,-99.6,25
28.6,-99.5,79
28.6,-99.4,194
28.6,-99.3,87
28.6,-99.2,145
28.6,-99.1,93
28.6,-99.0,199
28.6,-98.9,224
28.6,-98.8,213
28.6,-98.7,110
28.6,-98.6,185
28.6,-98.5,233
28.6,-98.4,222
28.6,-98.3,306
28.6,-98.2,273
28.6,-98.1,86
28.6,-98.0,7
28.6,-97.8,2
28.6,-97.6,4
28.6,-97.5,4
28.6,-97.4,3
28.6,-96.8,4
28.6,-96.7,1
28.6,-93.2,2
28.6,-91.4,1
28.7,-100.3,1
28.7,-100.1,5
28.7,-100.0,6
28.7,-99.9,38
28.7,-99.8,5
28.7,-99.7,10
28.7,-99.6,14
28.7,-99.5,34
28.7,-99.4,66
28.7,-99.3,17
28.7,-99.2,7
28.7,-99.1,26
28.7,-99.0,45
28.7,-98.9,115
28.7,-98.8,148
28.7,-98.7,109
28.7,-98.6,80
28.7,-98.5,92
28.7,-98.4,134
28.7,-98.3,192
28.7,-98.2,281
28.7,-98.1,286
28.7,-98.0,195
28.7,-97.9,12
28.7,-97.2,1
28.7,-93.6,1
28.8,-100.2,2
28.8,-100.1,1
28.8,-100.0,2
28.8,-99.8,1
28.8,-99.7,5
28.8,-99.6,72
28.8,-99.5,155
28.8,-99.4,112
28.8,-99.3,54
28.8,-99.2,4
28.8,-99.1,3
28.8,-99.0,6
28.8,-98.9,9
28.8,-98.8,46
28.8,-98.7,38
28.8,-98.6,59
28.8,-98.5,72
28.8,-98.4,47
28.8,-98.3,91
28.8,-98.2,188
28.8,-98.1,312
28.8,-98.0,524
28.8,-97.9,351
28.8,-97.8,146
28.8,-97.6,2
28.8,-97.5,2
28.8,-97.3,2
28.8,-95.9,1
28.9,-100.1,1
28.9,-99.9,4
28.9,-99.8,2
28.9,-99.6,5
28.9,-99.5,15
28.9,-99.4,27
28.9,-99.3,10
28.9,-99.2,2
28.9,-99.0,1
28.9,-98.8,4
28.9,-98.7,1
28.9,-98.6,3
28.9,-98.5,19
28.9,-98.4,15
28.9,-98.3,55
28.9,-98.2,79
28.9,-98.1,172
28.9,-98.0,568
28.9,-97.9,486
28.9,-97.8,464
28.9,-97.7,304
28.9,-97.6,68
28.9,-97.5,7
28.9,-97.4,7
28.9,-97.1,1
28.9,-96.7,3
28.9,-96.2,2
28.9,-96.1,2
28.9,-95.5,1
29.0,-99.4,1
29.0,-98.5,1
29.0,-98.3,14
29.0,-98.2,53
29.0,-98.1,65
29.0,-98.0,187
29.0,-97.9,453
29.0,-97.8,627
29.0,-97.7,458
29.0,-97.6,416
29.0,-97.5,70
29.0,-97.4,5
29.0,-97.3,2
29.0,-97.2,1
29.0,-97.1,1
29.0,-97.0,4
29.0,-96.4,1
29.0,-96.2,1
29.0,-96.0,1
29.0,-95.7,1
29.0,-95.4,1
29.0,-93.2,1
29.0,-79.0,1
29.1,-100.3,1
29.1,-99.0,2
29.1,-98.1,3
29.1,-98.0,31
29.1,-97.9,124
29.1,-97.8,307
29.1,-97.7,598
29.1,-97.6,554
29.1,-97.5,423
29.1,-97.4,75
29.1,-97.3,10
29.1,-97.2,5
29.1,-97.1,3
29.1,-97.0,9
29.1,-96.9,1
29.1,-96.6,1
29.1,-96.1,1
29.1,-93.3,1
29.1,-90.5,1
29.2,-99.1,95
29.2,-99.0,8
29.2,-98.8,18
29.2,-98.7,1
29.2,-97.9,2
29.2,-97.8,41
29.2,-97.7,104
29.2,-97.6,232
29.2,-97.5,450
29.2,-97.4,371
29.2,-97.3,74
29.2,-97.2,13
29.2,-97.0,2
29.2,-96.8,2
29.2,-96.6,1
29.2,-96.3,5
29.2,-96.1,1
29.2,-95.9,2
29.2,-95.1,2
29.2,-90.6,1
29.3,-98.9,13
29.3,-98.8,262
29.3,-98.7,6
29.3,-98.2,1
29.3,-98.0,2
29.3,-97.8,1
29.3,-97.7,40
29.3,-97.6,52
29.3,-97.5,237
29.3,-97.4,382
29.3,-97.3,256
29.3,-97.2,39
29.3,-97.1,3
29.3,-97.0,1
29.3,-96.9,1
29.3,-96.8,9
29.3,-96.7,4
29.3,-96.6,1
29.3,-96.4,3
29.3,-96.3,2
29.3,-96.2,7
29.3,-96.1,1
29.3,-93.3,1
29.3,-92.4,1
29.4,-98.1,19
29.4,-98.0,1
29.4,-97.7,1
29.4,-97.6,44
29.4,-97.5,16
29.4,-97.4,184
29.4,-97.3,279
29.4,-97.2,143
29.4,-97.1,18
29.4,-97.0,5
29.4,-96.9,3
29.4,-96.7,2
29.4,-96.6,2
29.4,-96.4,1
29.4,-96.3,1
29.4,-95.6,1
29.5,-98.0,2
29.5,-97.5,4
29.5,-97.4,8
29.5,-97.3,116
29.5,-97.2,281
29.5,-97.1,55
29.5,-97.0,6
29.5,-96.9,4
29.5,-96.8,1
29.5,-96.7,2
29.6,-98.9,1
29.6,-98.6,1
29.6,-97.3,6
29.6,-97.2,187
29.6,-97.1,122
29.6,-97.0,1
29.6,-96.9,2
29.6,-96.7,7
29.6,-96.6,2
29.6,-96.5,1
29.6,-96.2,1
29.6,-96.0,1
29.6,-95.5,2
29.6,-95.1,9
29.6,-94.2,1
29.7,-97.7,1
29.7,-97.2,38
29.7,-97.1,58
29.7,-97.0,4
29.7,-96.6,2
29.7,-95.4,1
29.7,-95.0,1
29.7,-94.6,1
29.7,-94.4,3
29.7,-93.3,1
29.8,-97.6,4
29.8,-97.3,1
29.8,-97.2,1
29.8,-97.1,1
29.8,-96.9,3
29.8,-96.8,6
29.8,-96.7,9
29.8,-96.6,2
29.8,-96.5,2
29.8,-96.3,2
29.8,-95.9,9
29.8,-95.8,1
29.8,-95.3,1
29.8,-95.2,1
29.8,-95.1,4
29.8,-94.4,4
29.9,-97.7,1
29.9,-97.0,2
29.9,-96.9,2
29.9,-96.8,14
29.9,-96.7,21
29.9,-96.4,1
29.9,-94.9,1
30.0,-101.4,1
30.0,-101.2,1
30.0,-100.0,2
30.0,-97.6,1
30.0,-97.5,1
30.0,-97.0,1
30.0,-96.9,4
30.0,-96.8,6
30.0,-96.7,3
30.0,-96.6,14
30.0,-96.5,1
30.0,-96.1,1
30.0,-96.0,2
30.0,-94.8,2
30.0,-94.7,1
30.0,-94.6,2
30.0,-94.5,3
30.0,-94.4,1
30.0,-94.1,1
30.1,-104.9,1
30.1,-101.4,1
30.1,-99.8,1
30.1,-97.0,6
30.1,-96.9,13
30.1,-96.8,38
30.1,-96.7,12
30.1,-96.6,10
30.1,-96.5,1
30.1,-96.4,4
30.1,-94.6,1
30.1,-94.3,4
30.1,-94.2,2
30.1,-94.0,1
30.1,-93.4,1
30.2,-97.0,23
30.2,-96.9,4
30.2,-96.8,45
30.2,-96.7,90
30.2,-96.6,67
30.2,-96.5,16
30.2,-96.4,1
30.2,-95.7,2
30.2,-95.6,8
30.2,-95.4,1
30.2,-94.2,5
30.2,-94.1,8
30.2,-94.0,8
30.2,-93.9,1
30.2,-93.8,6
30.2,-91.8,1
30.3,-104.9,1
30.3,-100.8,1
30.3,-100.6,1
30.3,-100.5,1
30.3,-97.1,1
30.3,-97.0,27
30.3,-96.9,32
30.3,-96.8,5
30.3,-96.7,11
30.3,-96.6,15
30.3,-96.5,9
30.3,-96.4,3
30.3,-96.3,3
30.3,-96.1,1
30.3,-96.0,2
30.3,-95.1,1
30.3,-94.1,2
30.3,-93.9,2
30.3,-93.8,1
30.3,-93.6,3
30.4,-102.9,1
30.4,-102.8,2
30.4,-102.2,1
30.4,-101.9,1
30.4,-101.8,1
30.4,-101.6,1
30.4,-101.5,2
30.4,-101.0,3
30.4,-100.8,1
30.4,-97.0,1
30.4,-96.9,16
30.4,-96.8,44
30.4,-96.7,49
30.4,-96.6,34
30.4,-96.5,12
30.4,-96.4,5
30.4,-96.3,2
30.4,-96.1,1
30.4,-94.6,1
30.4,-94.3,1
30.4,-94.0,1
30.4,-93.8,2
30.4,-93.5,1
30.5,-104.8,3
30.5,-103.3,1
30.5,-102.9,1
30.5,-102.8,4
30.5,-102.4,1
30.5,-102.3,2
30.5,-102.2,2
30.5,-102.1,2
30.5,-101.6,1
30.5,-101.5,1
30.5,-101.2,1
30.5,-101.1,2
30.5,-100.9,1
30.5,-100.8,2
30.5,-100.7,1
30.5,-99.7,3
30.5,-97.8,2
30.5,-96.9,6
30.5,-96.8,45
30.5,-96.7,99
30.5,-96.6,62
30.5,-96.5,60
30.5,-96.4,35
30.5,-96.3,3
30.5,-96.2,5
30.5,-96.1,4
30.5,-95.7,3
30.5,-95.5,2
30.5,-95.2,5
30.5,-95.0,1
30.5,-94.7,33
30.5,-94.6,29
30.5,-94.5,4
30.5,-94.4,2
30.5,-94.3,3
30.5,-94.2,1
30.5,-94.1,3
30.5,-93.8,6
30.5,-93.7,2
30.5,-93.6,12
30.5,-93.5,5
30.5,-93.4,2
30.5,-93.3,2
30.5,-93.2,3
30.5,-93.1,1
30.5,-92.9,1
30.5,-92.8,1
30.5,-91.4,2
30.6,-103.5,1
30.6,-103.3,1
30.6,-102.5,1
30.6,-102.3,1
30.6,-102.2,2
30.6,-102.1,2
30.6,-102.0,3
30.6,-101.9,8
30.6,-101.7,3
30.6,-101.6,1
30.6,-101.4,1
30.6,-101.3,6
30.6,-101.2,3
30.6,-101.1,4
30.6,-101.0,1
30.6,-100.9,1
30.6,-100.8,15
30.6,-99.9,2
30.6,-99.8,2
30.6,-99.7,4
30.6,-99.6,2
30.6,-97.0,6
30.6,-96.9,7
30.6,-96.8,7
30.6,-96.7,31
30.6,-96.6,47
30.6,-96.5,63
30.6,-96.4,39
30.6,-96.3,10
30.6,-96.2,24
30.6,-96.0,1
30.6,-95.5,1
30.6,-95.4,2
30.6,-95.0,5
30.6,-94.9,1
30.6,-94.6,1
30.6,-94.5,2
30.6,-94.3,1
30.6,-94.1,3
30.6,-93.9,1
30.6,-93.7,4
30.6,-93.6,2
30.6,-93.3,1
30.6,-93.2,1
30.6,-93.1,2
30.6,-92.9,2
30.6,-91.7,1
30.6,-91.6,1
30.6,-91.4,1
30.7,-104.7,1
30.7,-103.3,3
30.7,-103.1,2
30.7,-103.0,7
30.7,-102.9,2
30.7,-101.9,1
30.7,-101.8,2
30.7,-101.7,5
30.7,-101.5,9
30.7,-101.3,2
30.7,-101.2,1
30.7,-101.1,1
30.7,-101.0,5
30.7,-100.9,10
30.7,-100.8,6
30.7,-100.7,9
30.7,-100.6,1
30.7,-100.5,2
30.7,-99.9,3
30.7,-97.2,1
30.7,-97.0,296
30.7,-96.8,4
30.7,-96.7,19
30.7,-96.6,62
30.7,-96.5,64
30.7,-96.4,32
30.7,-96.3,34
30.7,-96.2,16
30.7,-96.1,3
30.7,-95.5,1
30.7,-95.4,1
30.7,-94.5,1
30.8,-103.8,1
30.8,-103.7,1
30.8,-103.6,2
30.8,-103.5,6
30.8,-103.4,6
30.8,-102.9,4
30.8,-102.8,9
30.8,-102.7,21
30.8,-102.6,3
30.8,-102.5,5
30.8,-102.2,2
30.8,-102.1,4
30.8,-101.8,35
30.8,-101.7,3
30.8,-101.4,3
30.8,-101.3,1
30.8,-101.2,4
30.8,-101.1,2
30.8,-100.9,18
30.8,-100.8,1
30.8,-98.0,1
30.8,-97.0,219
30.8,-96.9,9
30.8,-96.8,1
30.8,-96.7,21
30.8,-96.6,40
30.8,-96.5,17
30.8,-96.4,34
30.8,-96.3,22
30.8,-96.2,13
30.8,-96.1,27
30.8,-96.0,9
30.8,-95.9,5
30.8,-95.8,9
30.8,-95.7,3
30.8,-95.4,1
30.8,-95.3,4
30.8,-94.6,4
30.8,-94.5,1
30.8,-94.4,3
30.8,-94.3,9
30.8,-94.2,6
30.8,-94.1,11
30.8,-93.6,4
30.8,-92.5,8
30.8,-92.4,2
30.8,-91.2,1
30.8,-91.1,1
30.8,-90.5,1
30.8,-90.4,1
30.9,-104.1,1
30.9,-103.9,1
30.9,-103.7,2
30.9,-103.6,5
30.9,-103.5,1
30.9,-103.4,11
30.9,-103.3,4
30.9,-103.2,5
30.9,-103.1,1
30.9,-103.0,4
30.9,-102.9,3
30.9,-102.8,41
30.9,-102.7,9
30.9,-102.6,3
30.9,-102.2,33
30.9,-101.9,20
30.9,-101.8,1
30.9,-101.7,2
30.9,-101.6,3
30.9,-101.5,3
30.9,-101.4,6
30.9,-101.3,29
30.9,-101.2,58
30.9,-101.1,6
30.9,-101.0,30
30.9,-100.9,16
30.9,-100.8,9
30.9,-100.7,2
30.9,-100.6,1
30.9,-100.2,15
30.9,-98.6,1
30.9,-98.5,1
30.9,-97.3,2
30.9,-96.7,4
30.9,-96.6,7
30.9,-96.5,6
30.9,-96.4,18
30.9,-96.3,64
30.9,-96.2,80
30.9,-96.1,53
30.9,-96.0,19
30.9,-95.9,14
30.9,-95.8,21
30.9,-95.7,21
30.9,-95.6,1
30.9,-95.5,3
30.9,-94.7,1
30.9,-94.6,1
30.9,-94.5,1
30.9,-94.4,1
30.9,-94.1,7
30.9,-93.5,1
30.9,-93.0,2
30.9,-92.5,1
30.9,-92.2,2
30.9,-92.0,1
30.9,-91.9,2
30.9,-91.2,2
30.9,-91.0,2
30.9,-90.8,2
30.9,-90.4,5
30.9,-90.3,2
31.0,-103.9,1
31.0,-103.8,13
31.0,-103.7,5
31.0,-103.6,18
31.0,-103.5,58
31.0,-103.4,34
31.0,-103.3,25
31.0,-103.2,17
31.0,-103.1,13
31.0,-103.0,49
31.0,-102.9,12
31.0,-102.8,11
31.0,-102.3,8
31.0,-102.0,20
31.0,-101.8,4
31.0,-101.7,5
31.0,-101.6,7
31.0,-101.5,24
31.0,-101.4,54
31.0,-101.3,94
31.0,-101.2,118
31.0,-101.1,80
31.0,-101.0,27
31.0,-100.9,20
31.0,-100.7,2
31.0,-100.6,1
31.0,-100.0,1
31.0,-99.9,1
31.0,-96.6,23
31.0,-96.5,23
31.0,-96.4,4
31.0,-96.3,35
31.0,-96.2,23
31.0,-96.1,16
31.0,-96.0,4
31.0,-95.9,19
31.0,-95.8,7
31.0,-95.7,30
31.0,-95.6,19
31.0,-95.2,1
31.0,-95.0,2
31.0,-93.8,1
31.0,-93.7,1
31.0,-93.6,2
31.0,-93.5,2
31.0,-93.1,1
31.0,-92.2,1
31.0,-91.9,1
31.0,-91.5,1
31.0,-91.3,1
31.0,-91.0,3
31.0,-90.8,5
31.0,-90.7,9
31.0,-90.6,2
31.0,-90.5,3
31.0,-89.6,2
31.0,-89.4,2
31.1,-104.1,1
31.1,-103.9,5
31.1,-103.8,28
31.1,-103.7,20
31.1,-103.6,65
31.1,-103.5,115
31.1,-103.4,110
31.1,-103.3,64
31.1,-103.2,89
31.1,-103.1,88
31.1,-103.0,125
31.1,-102.9,30
31.1,-102.8,1
31.1,-102.6,1
31.1,-102.5,7
31.1,-102.3,31
31.1,-102.2,1
31.1,-102.0,1
31.1,-101.9,12
31.1,-101.8,25
31.1,-101.7,20
31.1,-101.6,18
31.1,-101.5,23
31.1,-101.4,55
31.1,-101.3,139
31.1,-101.2,126
31.1,-101.1,111
31.1,-101.0,77
31.1,-100.9,4
31.1,-100.7,4
31.1,-100.6,4
31.1,-100.2,1
31.1,-99.8,1
31.1,-99.6,5
31.1,-96.6,2
31.1,-96.5,11
31.1,-96.4,18
31.1,-96.3,10
31.1,-96.2,3
31.1,-96.1,1
31.1,-96.0,4
31.1,-95.9,5
31.1,-95.8,2
31.1,-95.7,14
31.1,-95.6,34
31.1,-95.5,8
31.1,-95.4,4
31.1,-94.7,1
31.1,-94.4,1
31.1,-93.9,1
31.1,-93.7,1
31.1,-93.4,1
31.1,-92.3,1
31.1,-92.0,1
31.1,-91.6,1
31.1,-91.5,2
31.1,-91.4,1
31.1,-91.3,1
31.1,-91.2,6
31.1,-91.1,5
31.1,-91.0,9
31.1,-90.8,5
31.1,-90.7,3
31.1,-90.6,5
31.1,-89.7,4
31.1,-89.6,9
31.1,-88.2,1
31.2,-104.3,1
31.2,-104.1,1
31.2,-103.9,79
31.2,-103.8,20
31.2,-103.7,19
31.2,-103.6,133
31.2,-103.5,197
31.2,-103.4,219
31.2,-103.3,195
31.2,-103.2,163
31.2,-103.1,95
31.2,-103.0,40
31.2,-102.9,5
31.2,-102.8,6
31.2,-102.6,3
31.2,-102.3,2
31.2,-102.2,3
31.2,-102.1,4
31.2,-102.0,27
31.2,-101.9,122
31.2,-101.8,120
31.2,-101.7,46
31.2,-101.6,107
31.2,-101.5,72
31.2,-101.4,104
31.2,-101.3,176
31.2,-101.2,116
31.2,-101.1,127
31.2,-101.0,95
31.2,-100.9,8
31.2,-100.8,1
31.2,-100.7,1
31.2,-100.6,3
31.2,-100.1,3
31.2,-100.0,1
31.2,-98.7,1
31.2,-96.6,1
31.2,-96.5,33
31.2,-96.4,21
31.2,-96.3,15
31.2,-96.2,3
31.2,-96.1,1
31.2,-96.0,11
31.2,-95.9,32
31.2,-95.8,2
31.2,-95.7,5
31.2,-95.6,16
31.2,-95.5,8
31.2,-95.4,3
31.2,-95.3,4
31.2,-94.1,1
31.2,-93.5,1
31.2,-93.0,2
31.2,-92.0,1
31.2,-91.2,5
31.2,-90.9,3
31.2,-90.8,1
31.2,-90.7,1
31.2,-87.0,1
31.3,-104.1,6
31.3,-104.0,52
31.3,-103.9,13
31.3,-103.8,12
31.3,-103.7,66
31.3,-103.6,170
31.3,-103.5,223
31.3,-103.4,249
31.3,-103.3,206
31.3,-103.2,167
31.3,-103.1,93
31.3,-103.0,98
31.3,-102.9,3
31.3,-102.8,4
31.3,-102.7,1
31.3,-102.6,28
31.3,-102.5,25
31.3,-102.4,16
31.3,-102.3,16
31.3,-102.2,8
31.3,-102.1,59
31.3,-102.0,146
31.3,-101.9,217
31.3,-101.8,277
31.3,-101.7,237
31.3,-101.6,270
31.3,-101.5,115
31.3,-101.4,168
31.3,-101.3,108
31.3,-101.2,67
31.3,-101.1,128
31.3,-101.0,110
31.3,-100.9,57
31.3,-100.8,3
31.3,-100.7,3
31.3,-100.4,1
31.3,-100.1,1
31.3,-96.4,11
31.3,-96.3,11
31.3,-96.2,19
31.3,-96.1,5
31.3,-96.0,3
31.3,-95.9,2
31.3,-95.8,1
31.3,-95.7,4
31.3,-95.4,4
31.3,-94.6,8
31.3,-94.5,9
31.3,-94.4,1
31.3,-94.3,6
31.3,-93.4,2
31.3,-90.5,6
31.3,-89.9,1
31.3,-89.8,1
31.3,-88.8,1
31.3,-86.8,5
31.3,-86.7,1
31.4,-104.1,3
31.4,-104.0,3
31.4,-103.9,1
31.4,-103.8,6
31.4,-103.7,26
31.4,-103.6,163
31.4,-103.5,249
31.4,-103.4,347
31.4,-103.3,156
31.4,-103.2,124
31.4,-103.1,164
31.4,-103.0,14
31.4,-102.9,47
31.4,-102.8,17
31.4,-102.7,12
31.4,-102.6,44
31.4,-102.5,114
31.4,-102.4,54
31.4,-102.3,276
31.4,-102.2,101
31.4,-102.1,255
31.4,-102.0,338
31.4,-101.9,223
31.4,-101.8,238
31.4,-101.7,225
31.4,-101.6,114
31.4,-101.5,137
31.4,-101.4,105
31.4,-101.3,82
31.4,-101.2,151
31.4,-101.1,37
31.4,-101.0,43
31.4,-100.9,62
31.4,-100.8,2
31.4,-100.7,6
31.4,-100.1,4
31.4,-99.8,3
31.4,-96.5,15
31.4,-96.4,10
31.4,-96.3,27
31.4,-96.2,80
31.4,-96.1,8
31.4,-96.0,1
31.4,-94.6,50
31.4,-94.5,17
31.4,-94.4,18
31.4,-94.3,39
31.4,-94.2,46
31.4,-94.1,8
31.4,-94.0,2
31.4,-93.3,1
31.4,-93.1,1
31.4,-92.9,1
31.4,-91.6,1
31.4,-89.1,3
31.4,-88.7,1
31.5,-104.3,1
31.5,-104.2,1
31.5,-104.1,4
31.5,-104.0,12
31.5,-103.9,14
31.5,-103.8,74
31.5,-103.7,97
31.5,-103.6,145
31.5,-103.5,139
31.5,-103.4,217
31.5,-103.3,218
31.5,-103.2,199
31.5,-103.1,45
31.5,-103.0,162
31.5,-102.9,36
31.5,-102.8,127
31.5,-102.7,695
31.5,-102.6,662
31.5,-102.5,115
31.5,-102.4,126
31.5,-102.3,30
31.5,-102.2,246
31.5,-102.1,324
31.5,-102.0,417
31.5,-101.9,186
31.5,-101.8,179
31.5,-101.7,197
31.5,-101.6,166
31.5,-101.5,199
31.5,-101.4,179
31.5,-101.3,95
31.5,-101.2,21
31.5,-101.1,11
31.5,-101.0,9
31.5,-100.9,12
31.5,-100.8,6
31.5,-100.7,11
31.5,-100.1,1
31.5,-99.8,1
31.5,-97.5,1
31.5,-97.2,1
31.5,-96.5,7
31.5,-96.4,20
31.5,-96.3,47
31.5,-96.2,65
31.5,-96.1,3
31.5,-96.0,2
31.5,-95.6,1
31.5,-94.6,4
31.5,-94.5,20
31.5,-94.4,46
31.5,-94.3,56
31.5,-94.2,46
31.5,-94.1,21
31.5,-94.0,18
31.5,-93.9,1
31.5,-93.5,4
31.5,-93.4,5
31.5,-93.3,3
31.5,-93.0,2
31.5,-90.6,1
31.5,-90.1,2
31.5,-89.6,1
31.6,-104.2,4
31.6,-104.1,30
31.6,-104.0,89
31.6,-103.9,145
31.6,-103.8,207
31.6,-103.7,180
31.6,-103.6,112
31.6,-103.5,115
31.6,-103.4,183
31.6,-103.3,144
31.6,-103.2,222
31.6,-103.1,89
31.6,-103.0,390
31.6,-102.9,37
31.6,-102.8,12
31.6,-102.7,227
31.6,-102.6,41
31.6,-102.5,75
31.6,-102.4,49
31.6,-102.3,286
31.6,-102.2,304
31.6,-102.1,276
31.6,-102.0,346
31.6,-101.9,336
31.6,-101.8,155
31.6,-101.7,96
31.6,-101.6,97
31.6,-101.5,91
31.6,-101.4,247
31.6,-101.3,56
31.6,-101.2,12
31.6,-101.1,2
31.6,-101.0,5
31.6,-100.8,1
31.6,-100.7,5
31.6,-97.6,1
31.6,-96.4,1
31.6,-96.3,20
31.6,-96.2,57
31.6,-96.1,3
31.6,-96.0,2
31.6,-95.9,1
31.6,-95.7,1
31.6,-94.6,5
31.6,-94.5,22
31.6,-94.4,57
31.6,-94.3,43
31.6,-94.2,86
31.6,-94.1,53
31.6,-94.0,22
31.6,-93.9,17
31.6,-93.6,1
31.6,-93.5,4
31.6,-93.3,3
31.6,-89.4,2
31.6,-89.3,3
31.6,-89.2,1
31.6,-89.1,5
31.6,-89.0,11
31.7,-104.4,3
31.7,-104.3,11
31.7,-104.2,26
31.7,-104.1,63
31.7,-104.0,114
31.7,-103.9,183
31.7,-103.8,213
31.7,-103.7,173
31.7,-103.6,173
31.7,-103.5,169
31.7,-103.4,257
31.7,-103.3,165
31.7,-103.2,132
31.7,-103.1,20
31.7,-103.0,237
31.7,-102.9,158
31.7,-102.8,6
31.7,-102.7,11
31.7,-102.6,150
31.7,-102.5,15
31.7,-102.4,156
31.7,-102.3,361
31.7,-102.2,351
31.7,-102.1,508
31.7,-102.0,454
31.7,-101.9,328
31.7,-101.8,217
31.7,-101.7,58
31.7,-101.6,185
31.7,-101.5,313
31.7,-101.4,353
31.7,-101.3,163
31.7,-101.2,40
31.7,-101.1,1
31.7,-101.0,5
31.7,-100.9,2
31.7,-100.8,1
31.7,-100.7,1
31.7,-99.7,1
31.7,-96.3,4
31.7,-96.2,18
31.7,-96.1,15
31.7,-96.0,1
31.7,-95.9,1
31.7,-95.8,1
31.7,-95.2,2
31.7,-95.1,4
31.7,-94.9,1
31.7,-94.5,2
31.7,-94.4,4
31.7,-94.3,12
31.7,-94.2,3
31.7,-94.1,8
31.7,-94.0,32
31.7,-93.9,18
31.7,-93.8,8
31.7,-93.7,25
31.7,-93.6,51
31.7,-93.5,24
31.7,-93.3,1
31.7,-92.7,1
31.7,-89.9,5
31.7,-89.8,8
31.7,-89.4,1
31.7,-89.1,1
31.8,-104.4,41
31.8,-104.3,67
31.8,-104.2,59
31.8,-104.1,144
31.8,-104.0,192
31.8,-103.9,222
31.8,-103.8,145
31.8,-103.7,138
31.8,-103.6,202
31.8,-103.5,316
31.8,-103.4,183
31.8,-103.3,154
31.8,-103.2,23
31.8,-103.1,39
31.8,-103.0,26
31.8,-102.9,9
31.8,-102.8,2
31.8,-102.7,80
31.8,-102.6,109
31.8,-102.5,18
31.8,-102.4,106
31.8,-102.3,103
31.8,-102.2,185
31.8,-102.1,431
31.8,-102.0,452
31.8,-101.9,262
31.8,-101.8,383
31.8,-101.7,386
31.8,-101.6,232
31.8,-101.5,335
31.8,-101.4,81
31.8,-101.3,59
31.8,-101.2,1
31.8,-101.1,9
31.8,-100.8,3
31.8,-100.0,2
31.8,-99.7,17
31.8,-99.4,1
31.8,-96.3,2
31.8,-96.2,6
31.8,-96.1,4
31.8,-95.9,1
31.8,-95.1,4
31.8,-94.8,12
31.8,-94.7,3
31.8,-94.4,7
31.8,-94.3,1
31.8,-94.2,1
31.8,-94.1,3
31.8,-93.9,11
31.8,-93.8,36
31.8,-93.7,54
31.8,-93.6,76
31.8,-93.5,70
31.8,-93.4,37
31.8,-89.9,2
31.8,-89.3,2
31.8,-88.6,1
31.9,-105.8,2
31.9,-104.4,11
31.9,-104.3,115
31.9,-104.2,192
31.9,-104.1,311
31.9,-104.0,231
31.9,-103.9,295
31.9,-103.8,248
31.9,-103.7,318
31.9,-103.6,386
31.9,-103.5,271
31.9,-103.4,147
31.9,-103.3,95
31.9,-103.2,29
31.9,-103.1,209
31.9,-103.0,73
31.9,-102.9,12
31.9,-102.8,5
31.9,-102.7,74
31.9,-102.6,419
31.9,-102.5,40
31.9,-102.4,35
31.9,-102.3,124
31.9,-102.2,422
31.9,-102.1,553
31.9,-102.0,496
31.9,-101.9,412
31.9,-101.8,419
31.9,-101.7,416
31.9,-101.6,122
31.9,-101.5,326
31.9,-101.4,80
31.9,-101.3,27
31.9,-101.2,1
31.9,-101.1,7
31.9,-101.0,6
31.9,-100.9,1
31.9,-100.7,2
31.9,-100.3,3
31.9,-100.0,4
31.9,-96.3,4
31.9,-96.2,1
31.9,-95.9,4
31.9,-95.5,1
31.9,-95.4,2
31.9,-95.0,10
31.9,-94.8,1
31.9,-94.2,4
31.9,-94.0,7
31.9,-93.9,4
31.9,-93.8,42
31.9,-93.7,72
31.9,-93.6,96
31.9,-93.5,83
31.9,-93.4,59
31.9,-93.3,37
31.9,-91.3,2
31.9,-89.3,7
31.9,-88.8,1
31.9,-76.0,8
31.9,-75.9,2
32.0,-105.8,1
32.0,-104.8,1
32.0,-104.5,1
32.0,-104.4,22
32.0,-104.3,63
32.0,-104.2,230
32.0,-104.1,245
32.0,-104.0,271
32.0,-103.9,374
32.0,-103.8,351
32.0,-103.7,405
32.0,-103.6,581
32.0,-103.5,230
32.0,-103.4,254
32.0,-103.3,54
32.0,-103.2,4
32.0,-103.1,15
32.0,-103.0,9
32.0,-102.9,4
32.0,-102.8,40
32.0,-102.7,310
32.0,-102.6,271
32.0,-102.5,47
32.0,-102.4,162
32.0,-102.3,503
32.0,-102.2,578
32.0,-102.1,227
32.0,-102.0,330
32.0,-101.9,247
32.0,-101.8,282
32.0,-101.7,240
32.0,-101.6,63
32.0,-101.5,59
32.0,-101.4,66
32.0,-101.3,20
32.0,-101.2,35
32.0,-101.1,3
32.0,-101.0,19
32.0,-100.9,2
32.0,-100.8,5
32.0,-100.7,1
32.0,-100.6,7
32.0,-100.5,7
32.0,-100.2,8
32.0,-99.9,1
32.0,-99.8,5
32.0,-99.1,1
32.0,-97.3,3
32.0,-97.0,3
32.0,-96.3,1
32.0,-96.2,1
32.0,-96.1,2
32.0,-96.0,1
32.0,-95.9,1
32.0,-95.8,7
32.0,-95.7,1
32.0,-95.6,1
32.0,-95.4,1
32.0,-95.1,1
32.0,-94.9,1
32.0,-94.7,19
32.0,-94.6,10
32.0,-94.5,13
32.0,-94.4,19
32.0,-94.3,17
32.0,-94.2,22
32.0,-94.1,15
32.0,-94.0,75
32.0,-93.9,54
32.0,-93.8,48
32.0,-93.7,44
32.0,-93.6,64
32.0,-93.5,52
32.0,-93.4,81
32.0,-93.3,33
32.0,-93.2,10
32.0,-91.3,2
32.0,-89.6,1
32.0,-89.3,1
32.1,-104.4,26
32.1,-104.3,32
32.1,-104.2,167
32.1,-104.1,167
32.1,-104.0,188
32.1,-103.9,288
32.1,-103.8,328
32.1,-103.7,379
32.1,-103.6,695
32.1,-103.5,460
32.1,-103.4,206
32.1,-103.3,218
32.1,-103.2,2
32.1,-103.1,3
32.1,-103.0,5
32.1,-102.9,9
32.1,-102.8,68
32.1,-102.7,221
32.1,-102.6,28
32.1,-102.5,57
32.1,-102.4,38
32.1,-102.3,397
32.1,-102.2,540
32.1,-102.1,482
32.1,-102.0,397
32.1,-101.9,336
32.1,-101.8,311
32.1,-101.7,293
32.1,-101.6,110
32.1,-101.5,112
32.1,-101.4,120
32.1,-101.3,128
32.1,-101.2,36
32.1,-101.1,3
32.1,-101.0,9
32.1,-100.9,2
32.1,-100.6,2
32.1,-100.5,4
32.1,-100.4,7
32.1,-100.3,1
32.1,-100.2,2
32.1,-100.1,2
32.1,-99.9,1
32.1,-99.8,2
32.1,-99.7,4
32.1,-99.6,1
32.1,-99.4,2
32.1,-99.1,2
32.1,-99.0,6
32.1,-97.7,2
32.1,-97.4,1
32.1,-97.3,1
32.1,-96.3,1
32.1,-96.2,1
32.1,-95.8,1
32.1,-95.7,2
32.1,-95.5,1
32.1,-95.4,1
32.1,-95.2,12
32.1,-95.1,43
32.1,-95.0,7
32.1,-94.9,53
32.1,-94.8,39
32.1,-94.7,21
32.1,-94.6,21
32.1,-94.5,59
32.1,-94.4,114
32.1,-94.3,53
32.1,-94.2,68
32.1,-94.1,69
32.1,-94.0,123
32.1,-93.9,98
32.1,-93.8,89
32.1,-93.7,60
32.1,-93.6,102
32.1,-93.5,76
32.1,-93.4,98
32.1,-93.3,47
32.1,-93.2,7
32.1,-93.1,2
32.1,-93.0,1
32.1,-92.3,1
32.1,-92.1,5
32.1,-92.0,1
32.1,-91.4,1
32.1,-89.6,1
32.2,-104.5,4
32.2,-104.3,34
32.2,-104.2,75
32.2,-104.1,250
32.2,-104.0,424
32.2,-103.9,243
32.2,-103.8,349
32.2,-103.7,436
32.2,-103.6,651
32.2,-103.5,547
32.2,-103.4,189
32.2,-103.3,131
32.2,-103.2,5
32.2,-103.1,49
32.2,-103.0,35
32.2,-102.9,22
32.2,-102.8,122
32.2,-102.7,365
32.2,-102.6,60
32.2,-102.5,98
32.2,-102.4,27
32.2,-102.3,178
32.2,-102.2,382
32.2,-102.1,296
32.2,-102.0,388
32.2,-101.9,377
32.2,-101.8,375
32.2,-101.7,330
32.2,-101.6,189
32.2,-101.5,174
32.2,-101.4,180
32.2,-101.3,32
32.2,-101.2,8
32.2,-101.1,1
32.2,-101.0,12
32.2,-100.9,1
32.2,-100.8,1
32.2,-100.7,2
32.2,-100.6,1
32.2,-100.5,3
32.2,-100.4,2
32.2,-100.3,2
32.2,-100.2,10
32.2,-99.2,1
32.2,-97.7,3
32.2,-97.6,1
32.2,-97.5,13
32.2,-96.0,1
32.2,-95.9,1
32.2,-95.6,1
32.2,-95.4,18
32.2,-95.2,1
32.2,-95.1,44
32.2,-95.0,5
32.2,-94.9,25
32.2,-94.8,22
32.2,-94.7,1
32.2,-94.6,2
32.2,-94.5,33
32.2,-94.4,144
32.2,-94.3,78
32.2,-94.2,60
32.2,-94.1,103
32.2,-94.0,101
32.2,-93.9,108
32.2,-93.8,106
32.2,-93.7,205
32.2,-93.6,126
32.2,-93.5,137
32.2,-93.4,125
32.2,-93.3,78
32.2,-93.2,12
32.2,-93.0,3
32.2,-92.8,1
32.2,-88.0,1
32.3,-104.7,1
32.3,-104.4,1
32.3,-104.3,29
32.3,-104.2,128
32.3,-104.1,224
32.3,-104.0,306
32.3,-103.9,243
32.3,-103.8,278
32.3,-103.7,382
32.3,-103.6,314
32.3,-103.5,223
32.3,-103.4,129
32.3,-103.3,4
32.3,-103.2,9
32.3,-103.1,4
32.3,-103.0,1
32.3,-102.9,3
32.3,-102.8,106
32.3,-102.7,641
32.3,-102.6,47
32.3,-102.5,66
32.3,-102.4,65
32.3,-102.3,209
32.3,-102.2,439
32.3,-102.1,437
32.3,-102.0,453
32.3,-101.9,351
32.3,-101.8,501
32.3,-101.7,538
32.3,-101.6,396
32.3,-101.5,297
32.3,-101.4,192
32.3,-101.3,23
32.3,-101.2,121
32.3,-101.1,5
32.3,-101.0,1
32.3,-100.9,1
32.3,-100.8,2
32.3,-100.7,1
32.3,-100.6,1
32.3,-100.5,4
32.3,-100.4,6
32.3,-100.3,6
32.3,-99.9,1
32.3,-99.6,1
32.3,-99.5,1
32.3,-99.2,2
32.3,-97.9,1
32.3,-97.6,4
32.3,-97.5,31
32.3,-97.4,26
32.3,-97.2,7
32.3,-95.8,1
32.3,-95.7,2
32.3,-95.6,1
32.3,-95.4,2
32.3,-95.1,13
32.3,-94.9,6
32.3,-94.8,8
32.3,-94.7,7
32.3,-94.6,10
32.3,-94.5,28
32.3,-94.4,48
32.3,-94.3,57
32.3,-94.2,87
32.3,-94.1,81
32.3,-94.0,74
32.3,-93.9,90
32.3,-93.8,98
32.3,-93.7,98
32.3,-93.6,129
32.3,-93.5,99
32.3,-93.4,100
32.3,-93.3,93
32.3,-93.2,6
32.3,-93.1,5
32.3,-93.0,8
32.3,-92.9,1
32.3,-92.6,4
32.3,-92.3,1
32.4,-120.0,1
32.4,-104.7,1
32.4,-104.6,2
32.4,-104.4,3
32.4,-104.3,7
32.4,-104.2,98
32.4,-104.1,65
32.4,-104.0,2
32.4,-103.9,33
32.4,-103.8,75
32.4,-103.7,302
32.4,-103.6,239
32.4,-103.5,124
32.4,-103.4,187
32.4,-103.3,3
32.4,-103.2,67
32.4,-103.1,15
32.4,-103.0,2
32.4,-102.9,4
32.4,-102.8,313
32.4,-102.7,262
32.4,-102.6,307
32.4,-102.5,130
32.4,-102.4,178
32.4,-102.3,268
32.4,-102.2,569
32.4,-102.1,328
32.4,-102.0,425
32.4,-101.9,335
32.4,-101.8,314
32.4,-101.7,502
32.4,-101.6,581
32.4,-101.5,267
32.4,-101.4,230
32.4,-101.3,180
32.4,-101.2,57
32.4,-101.1,240
32.4,-101.0,106
32.4,-100.7,1
32.4,-100.6,1
32.4,-100.5,8
32.4,-100.4,2
32.4,-100.3,6
32.4,-100.0,1
32.4,-99.9,4
32.4,-99.7,14
32.4,-99.6,2
32.4,-98.5,1
32.4,-98.4,6
32.4,-97.8,3
32.4,-97.7,6
32.4,-97.6,8
32.4,-97.5,10
32.4,-97.4,39
32.4,-97.3,31
32.4,-97.2,24
32.4,-97.1,2
32.4,-95.5,1
32.4,-95.4,1
32.4,-95.3,2
32.4,-95.1,5
32.4,-94.8,3
32.4,-94.7,11
32.4,-94.6,25
32.4,-94.5,11
32.4,-94.4,45
32.4,-94.3,57
32.4,-94.2,68
32.4,-94.1,99
32.4,-94.0,64
32.4,-93.9,39
32.4,-93.8,18
32.4,-93.7,33
32.4,-93.6,85
32.4,-93.5,63
32.4,-93.4,44
32.4,-93.3,28
32.4,-93.2,10
32.4,-93.1,6
32.4,-93.0,10
32.4,-92.9,4
32.4,-92.8,5
32.4,-92.7,3
32.4,-92.6,6
32.4,-92.5,15
32.4,-92.4,2
32.4,-90.7,1
32.4,-90.5,1
32.5,-105.2,1
32.5,-104.6,1
32.5,-104.5,2
32.5,-104.4,5
32.5,-104.3,35
32.5,-104.2,116
32.5,-104.1,74
32.5,-104.0,21
32.5,-103.9,15
32.5,-103.8,1
32.5,-103.7,66
32.5,-103.6,160
32.5,-103.5,77
32.5,-103.4,81
32.5,-103.3,12
32.5,-103.2,84
32.5,-103.1,77
32.5,-103.0,15
32.5,-102.9,82
32.5,-102.8,163
32.5,-102.7,73
32.5,-102.6,244
32.5,-102.5,21
32.5,-102.4,28
32.5,-102.3,32
32.5,-102.2,217
32.5,-102.1,200
32.5,-102.0,103
32.5,-101.9,132
32.5,-101.8,191
32.5,-101.7,353
32.5,-101.6,204
32.5,-101.5,220
32.5,-101.4,236
32.5,-101.3,201
32.5,-101.2,97
32.5,-101.1,32
32.5,-101.0,81
32.5,-100.9,45
32.5,-100.8,5
32.5,-100.7,4
32.5,-100.6,9
32.5,-100.5,12
32.5,-100.4,3
32.5,-100.3,2
32.5,-100.2,4
32.5,-99.3,1
32.5,-99.2,2
32.5,-99.0,2
32.5,-98.4,1
32.5,-98.3,1
32.5,-98.1,13
32.5,-97.8,3
32.5,-97.7,36
32.5,-97.6,27
32.5,-97.5,12
32.5,-97.4,32
32.5,-97.3,67
32.5,-97.2,45
32.5,-97.1,4
32.5,-97.0,2
32.5,-95.6,1
32.5,-95.1,2
32.5,-94.9,6
32.5,-94.8,8
32.5,-94.7,2
32.5,-94.6,7
32.5,-94.5,28
32.5,-94.4,12
32.5,-94.3,24
32.5,-94.2,56
32.5,-94.1,115
32.5,-94.0,73
32.5,-93.9,57
32.5,-93.8,14
32.5,-93.7,10
32.5,-93.6,23
32.5,-93.5,23
32.5,-93.4,2
32.5,-93.3,1
32.5,-93.2,11
32.5,-93.1,6
32.5,-93.0,2
32.5,-92.8,3
32.5,-92.7,1
32.5,-92.6,2
32.5,-92.5,3
32.5,-92.4,1
32.5,-88.0,1
32.6,-104.6,2
32.6,-104.5,42
32.6,-104.4,7
32.6,-104.3,19
32.6,-104.2,83
32.6,-104.1,231
32.6,-104.0,34
32.6,-103.9,81
32.6,-103.8,77
32.6,-103.7,70
32.6,-103.6,103
32.6,-103.5,147
32.6,-103.4,21
32.6,-103.3,37
32.6,-103.2,20
32.6,-103.1,27
32.6,-103.0,86
32.6,-102.9,31
32.6,-102.8,126
32.6,-102.7,162
32.6,-102.6,21
32.6,-102.5,14
32.6,-102.4,8
32.6,-102.3,1
32.6,-102.2,9
32.6,-102.1,58
32.6,-102.0,52
32.6,-101.9,22
32.6,-101.8,44
32.6,-101.7,52
32.6,-101.6,25
32.6,-101.5,22
32.6,-101.4,38
32.6,-101.3,74
32.6,-101.2,7
32.6,-101.1,33
32.6,-101.0,19
32.6,-100.9,1
32.6,-100.8,16
32.6,-100.7,10
32.6,-100.5,2
32.6,-100.4,1
32.6,-100.3,1
32.6,-100.2,39
32.6,-100.1,2
32.6,-99.6,1
32.6,-99.4,9
32.6,-99.3,13
32.6,-99.2,1
32.6,-99.1,5
32.6,-99.0,5
32.6,-98.9,9
32.6,-98.8,1
32.6,-98.7,1
32.6,-98.6,24
32.6,-98.4,2
32.6,-98.3,1
32.6,-98.2,4
32.6,-98.1,5
32.6,-98.0,1
32.6,-97.8,2
32.6,-97.7,15
32.6,-97.6,74
32.6,-97.5,79
32.6,-97.4,39
32.6,-97.3,69
32.6,-97.2,56
32.6,-97.1,83
32.6,-97.0,8
32.6,-95.9,3
32.6,-95.8,1
32.6,-95.7,1
32.6,-95.0,17
32.6,-94.9,1
32.6,-94.8,35
32.6,-94.7,17
32.6,-94.6,2
32.6,-94.5,10
32.6,-94.4,39
32.6,-94.3,11
32.6,-94.2,10
32.6,-94.1,16
32.6,-94.0,31
32.6,-93.9,31
32.6,-93.8,23
32.6,-93.5,1
32.6,-93.2,1
32.6,-92.9,2
32.6,-92.8,124
32.6,-92.7,93
32.6,-92.6,16
32.6,-92.5,3
32.6,-92.3,1
32.6,-90.5,6
32.7,-105.1,1
32.7,-104.5,22
32.7,-104.4,46
32.7,-104.3,5
32.7,-104.2,69
32.7,-104.1,116
32.7,-104.0,29
32.7,-103.9,100
32.7,-103.8,68
32.7,-103.7,79
32.7,-103.6,80
32.7,-103.5,100
32.7,-103.4,14
32.7,-103.3,4
32.7,-103.2,4
32.7,-103.1,2
32.7,-103.0,6
32.7,-102.9,1
32.7,-102.8,65
32.7,-102.7,13
32.7,-102.5,5
32.7,-102.4,1
32.7,-102.3,4
32.7,-102.2,4
32.7,-102.1,3
32.7,-102.0,10
32.7,-101.9,9
32.7,-101.8,18
32.7,-101.7,73
32.7,-101.6,5
32.7,-101.5,9
32.7,-101.4,2
32.7,-101.3,2
32.7,-101.1,14
32.7,-100.8,4
32.7,-100.7,43
32.7,-100.6,26
32.7,-100.5,3
32.7,-100.4,4
32.7,-100.3,4
32.7,-100.2,10
32.7,-100.1,3
32.7,-100.0,1
32.7,-99.3,3
32.7,-99.2,7
32.7,-98.9,1
32.7,-98.8,4
32.7,-98.7,22
32.7,-98.6,29
32.7,-98.4,6
32.7,-98.2,3
32.7,-97.9,1
32.7,-97.8,16
32.7,-97.7,11
32.7,-97.6,48
32.7,-97.5,64
32.7,-97.4,122
32.7,-97.3,65
32.7,-97.2,152
32.7,-97.1,84
32.7,-97.0,22
32.7,-96.6,1
32.7,-95.9,1
32.7,-95.4,9
32.7,-95.1,1
32.7,-95.0,5
32.7,-94.9,3
32.7,-94.7,3
32.7,-94.6,17
32.7,-94.5,4
32.7,-94.4,4
32.7,-94.3,24
32.7,-94.2,14
32.7,-94.0,1
32.7,-93.9,7
32.7,-93.8,7
32.7,-93.7,5
32.7,-93.6,13
32.7,-92.8,2
32.7,-92.5,1
32.7,-92.4,1
32.7,-90.5,1
32.7,-90.4,1
32.8,-104.4,6
32.8,-104.3,84
32.8,-104.2,267
32.8,-104.1,161
32.8,-104.0,59
32.8,-103.9,228
32.8,-103.8,108
32.8,-103.7,50
32.8,-103.6,15
32.8,-103.5,60
32.8,-103.4,21
32.8,-103.3,4
32.8,-103.2,5
32.8,-103.1,8
32.8,-103.0,4
32.8,-102.9,65
32.8,-102.8,1
32.8,-102.7,9
32.8,-102.6,4
32.8,-102.5,2
32.8,-102.3,1
32.8,-102.2,4
32.8,-102.1,3
32.8,-101.9,4
32.8,-101.8,4
32.8,-101.6,3
32.8,-101.5,9
32.8,-101.4,3
32.8,-101.3,1
32.8,-101.2,3
32.8,-101.1,3
32.8,-100.9,14
32.8,-100.8,1
32.8,-100.7,21
32.8,-100.6,30
32.8,-100.5,6
32.8,-100.2,4
32.8,-99.8,3
32.8,-99.7,2
32.8,-99.4,41
32.8,-99.3,3
32.8,-99.0,6
32.8,-98.9,8
32.8,-98.8,16
32.8,-98.7,40
32.8,-98.6,40
32.8,-98.5,2
32.8,-98.4,6
32.8,-98.3,1
32.8,-98.1,1
32.8,-98.0,1
32.8,-97.8,3
32.8,-97.7,6
32.8,-97.6,39
32.8,-97.5,42
32.8,-97.4,65
32.8,-97.3,125
32.8,-97.2,64
32.8,-97.1,44
32.8,-97.0,38
32.8,-95.1,1
32.8,-94.8,3
32.8,-94.6,5
32.8,-94.3,3
32.8,-94.1,3
32.8,-93.7,3
32.8,-93.6,2
32.8,-93.4,6
32.8,-93.3,1
32.8,-92.9,3
32.8,-92.8,2
32.8,-92.5,2
32.8,-92.2,1
32.9,-104.3,2
32.9,-104.2,8
32.9,-104.1,11
32.9,-104.0,18
32.9,-103.9,85
32.9,-103.8,22
32.9,-103.7,7
32.9,-103.6,8
32.9,-103.5,1
32.9,-103.4,10
32.9,-103.3,5
32.9,-103.1,1
32.9,-103.0,4
32.9,-102.9,276
32.9,-102.8,29
32.9,-102.7,8
32.9,-102.4,1
32.9,-102.3,25
32.9,-102.2,10
32.9,-102.0,1
32.9,-101.9,4
32.9,-101.8,4
32.9,-101.7,4
32.9,-101.6,2
32.9,-101.5,23
32.9,-101.4,11
32.9,-101.2,3
32.9,-101.1,4
32.9,-101.0,1
32.9,-100.8,1
32.9,-100.5,3
32.9,-100.4,5
32.9,-100.3,8
32.9,-100.2,7
32.9,-100.0,17
32.9,-99.8,1
32.9,-99.7,1
32.9,-99.2,1
32.9,-99.1,1
32.9,-99.0,7
32.9,-98.9,9
32.9,-98.8,3
32.9,-98.7,34
32.9,-98.6,15
32.9,-98.5,2
32.9,-98.4,14
32.9,-98.3,23
32.9,-98.2,26
32.9,-98.1,6
32.9,-97.7,2
32.9,-97.6,7
32.9,-97.5,66
32.9,-97.4,95
32.9,-97.3,10
32.9,-97.2,52
32.9,-97.1,12
32.9,-95.5,10
32.9,-95.4,1
32.9,-95.3,1
32.9,-94.8,2
32.9,-94.7,14
32.9,-94.6,26
32.9,-94.5,12
32.9,-94.4,13
32.9,-94.3,2
32.9,-94.0,1
32.9,-93.6,3
32.9,-93.5,6
32.9,-93.3,3
32.9,-93.1,5
32.9,-93.0,3
32.9,-92.9,1
32.9,-92.8,1
32.9,-92.7,1
32.9,-92.5,1
32.9,-92.4,4
32.9,-92.3,1
32.9,-90.8,1
33.0,-104.1,35
33.0,-104.0,23
33.0,-103.8,7
33.0,-103.6,1
33.0,-103.3,3
33.0,-103.1,1
33.0,-103.0,62
33.0,-102.9,271
33.0,-102.8,325
33.0,-102.7,68
33.0,-102.6,2
33.0,-102.5,6
33.0,-102.4,1
33.0,-102.3,25
33.0,-102.2,2
33.0,-102.1,1
33.0,-102.0,1
33.0,-101.8,1
33.0,-101.7,2
33.0,-101.6,4
33.0,-101.5,8
33.0,-101.4,1
33.0,-101.2,1
33.0,-101.1,17
33.0,-101.0,1
33.0,-100.3,6
33.0,-100.2,21
33.0,-100.0,6
33.0,-99.4,1
33.0,-99.3,3
33.0,-99.2,31
33.0,-99.1,1
33.0,-99.0,3
33.0,-98.7,12
33.0,-98.6,1
33.0,-98.5,3
33.0,-98.4,4
33.0,-98.3,53
33.0,-98.2,78
33.0,-98.1,33
33.0,-98.0,6
33.0,-97.8,6
33.0,-97.7,8
33.0,-97.6,40
33.0,-97.5,86
33.0,-97.4,173
33.0,-97.3,94
33.0,-97.2,1
33.0,-97.1,7
33.0,-97.0,6
33.0,-95.5,14
33.0,-95.2,5
33.0,-94.7,2
33.0,-94.6,4
33.0,-94.5,12
33.0,-94.4,29
33.0,-94.3,12
33.0,-94.2,3
33.0,-94.1,3
33.0,-93.7,7
33.0,-93.6,1
33.0,-93.4,1
33.0,-93.3,3
33.0,-93.2,2
33.0,-93.1,10
33.0,-93.0,5
33.0,-92.9,1
33.0,-92.5,1
33.1,-103.8,1
33.1,-103.5,1
33.1,-103.4,1
33.1,-103.2,1
33.1,-103.1,10
33.1,-103.0,161
33.1,-102.9,91
33.1,-102.8,32
33.1,-102.7,42
33.1,-102.6,3
33.1,-102.5,5
33.1,-102.3,1
33.1,-102.2,1
33.1,-101.7,3
33.1,-101.5,1
33.1,-101.3,2
33.1,-101.2,1
33.1,-101.0,2
33.1,-100.9,1
33.1,-100.2,39
33.1,-100.1,70
33.1,-100.0,13
33.1,-99.9,5
33.1,-99.8,4
33.1,-99.5,1
33.1,-99.4,6
33.1,-99.3,3
33.1,-99.2,8
33.1,-99.1,3
33.1,-99.0,7
33.1,-98.9,1
33.1,-98.7,17
33.1,-98.6,8
33.1,-98.5,1
33.1,-98.4,3
33.1,-98.3,38
33.1,-98.2,78
33.1,-98.1,77
33.1,-98.0,6
33.1,-97.9,5
33.1,-97.8,20
33.1,-97.7,28
33.1,-97.6,87
33.1,-97.5,203
33.1,-97.4,202
33.1,-97.3,130
33.1,-97.2,13
33.1,-97.1,18
33.1,-97.0,4
33.1,-92.6,1
33.1,-87.1,4
33.2,-103.6,1
33.2,-103.1,48
33.2,-103.0,115
33.2,-102.9,32
33.2,-102.8,8
33.2,-102.7,28
33.2,-102.6,3
33.2,-102.3,3
33.2,-102.0,1
33.2,-101.4,9
33.2,-101.3,6
33.2,-101.2,1
33.2,-100.7,7
33.2,-100.2,1
33.2,-100.1,1
33.2,-100.0,4
33.2,-99.9,2
33.2,-99.8,11
33.2,-99.7,3
33.2,-99.4,7
33.2,-99.3,14
33.2,-99.2,3
33.2,-99.1,1
33.2,-99.0,1
33.2,-98.8,1
33.2,-98.4,9
33.2,-98.3,20
33.2,-98.2,105
33.2,-98.1,88
33.2,-98.0,11
33.2,-97.9,3
33.2,-97.8,1
33.2,-97.7,56
33.2,-97.6,40
33.2,-97.5,54
33.2,-97.4,74
33.2,-97.3,189
33.2,-97.2,142
33.2,-97.1,5
33.2,-96.8,1
33.2,-95.2,1
33.2,-93.1,1
33.3,-104.7,1
33.3,-104.1,1
33.3,-103.1,2
33.3,-103.0,5
33.3,-102.9,6
33.3,-102.8,2
33.3,-102.7,2
33.3,-102.6,35
33.3,-102.5,18
33.3,-102.2,2
33.3,-101.6,1
33.3,-101.5,2
33.3,-101.4,1
33.3,-101.0,1
33.3,-100.2,1
33.3,-99.9,4
33.3,-99.8,3
33.3,-99.4,1
33.3,-99.3,2
33.3,-99.2,4
33.3,-99.1,3
33.3,-98.8,1
33.3,-98.5,1
33.3,-98.4,9
33.3,-98.3,20
33.3,-98.2,77
33.3,-98.1,12
33.3,-98.0,2
33.3,-97.8,14
33.3,-97.7,45
33.3,-97.6,20
33.3,-97.5,27
33.3,-97.4,74
33.3,-97.3,53
33.3,-97.2,7
33.3,-87.5,1
33.3,-87.4,19
33.4,-104.1,1
33.4,-104.0,1
33.4,-103.4,1
33.4,-103.2,1
33.4,-103.0,4
33.4,-102.9,9
33.4,-102.8,3
33.4,-102.7,1
33.4,-102.6,5
33.4,-102.5,26
33.4,-102.4,6
33.4,-102.3,1
33.4,-102.2,2
33.4,-102.0,1
33.4,-101.5,2
33.4,-101.4,150
33.4,-101.0,2
33.4,-100.9,1
33.4,-100.7,1
33.4,-100.2,2
33.4,-100.1,3
33.4,-100.0,4
33.4,-99.7,2
33.4,-99.3,1
33.4,-99.2,3
33.4,-99.1,9
33.4,-98.8,1
33.4,-98.6,87
33.4,-98.5,4
33.4,-98.3,23
33.4,-98.2,14
33.4,-98.1,15
33.4,-98.0,5
33.4,-97.9,12
33.4,-97.8,21
33.4,-97.7,31
33.4,-97.6,34
33.4,-97.5,75
33.4,-97.4,49
33.4,-96.8,1
33.4,-96.5,4
33.4,-96.4,3
33.4,-88.1,11
33.4,-88.0,3
33.4,-87.9,5
33.4,-87.6,1
33.4,-87.5,14
33.4,-87.4,1
33.4,-87.3,4
33.4,-87.2,17
33.4,-87.1,6
33.4,-87.0,4
33.5,-104.3,1
33.5,-104.1,1
33.5,-103.6,2
33.5,-103.5,3
33.5,-103.3,1
33.5,-103.2,3
33.5,-103.0,4
33.5,-102.9,2
33.5,-102.8,8
33.5,-102.7,9
33.5,-102.6,26
33.5,-102.5,8
33.5,-102.4,3
33.5,-102.3,1
33.5,-102.2,2
33.5,-102.1,7
33.5,-101.6,7
33.5,-101.5,354
33.5,-101.4,15
33.5,-100.4,1
33.5,-100.1,149
33.5,-100.0,4
33.5,-99.6,3
33.5,-98.9,2
33.5,-98.7,2
33.5,-98.6,2
33.5,-98.5,2
33.5,-98.4,3
33.5,-98.3,13
33.5,-98.2,8
33.5,-98.1,7
33.5,-98.0,10
33.5,-97.9,19
33.5,-97.8,52
33.5,-97.7,80
33.5,-97.6,49
33.5,-97.5,149
33.5,-97.4,64
33.5,-97.3,1
33.5,-97.1,4
33.5,-96.9,2
33.5,-96.7,2
33.5,-96.5,3
33.5,-96.4,1
33.5,-95.2,1
33.5,-95.1,1
33.5,-88.2,1
33.5,-88.1,20
33.5,-88.0,5
33.5,-87.5,9
33.5,-87.4,4
33.5,-87.2,1
33.5,-87.1,8
33.5,-87.0,6
33.6,-103.5,1
33.6,-103.4,1
33.6,-103.1,1
33.6,-103.0,21
33.6,-102.9,9
33.6,-102.8,2
33.6,-102.7,3
33.6,-102.6,7
33.6,-102.5,21
33.6,-102.4,1
33.6,-102.3,6
33.6,-102.2,8
33.6,-102.1,2
33.6,-102.0,4
33.6,-101.9,4
33.6,-101.7,1
33.6,-101.6,1
33.6,-100.5,5
33.6,-99.1,2
33.6,-99.0,2
33.6,-98.5,3
33.6,-98.4,1
33.6,-98.3,9
33.6,-98.2,2
33.6,-98.1,4
33.6,-98.0,24
33.6,-97.9,97
33.6,-97.8,135
33.6,-97.7,36
33.6,-97.6,25
33.6,-97.5,134
33.6,-96.9,4
33.6,-96.8,2
33.6,-96.7,11
33.6,-96.6,1
33.6,-88.5,1
33.6,-88.3,1
33.6,-87.5,4
33.6,-87.4,10
33.6,-87.0,1
33.7,-118.2,1
33.7,-118.1,14
33.7,-104.4,1
33.7,-103.5,4
33.7,-103.0,1
33.7,-102.9,2
33.7,-102.5,26
33.7,-102.3,2
33.7,-102.2,4
33.7,-102.1,4
33.7,-102.0,2
33.7,-101.9,1
33.7,-101.8,2
33.7,-101.7,1
33.7,-100.1,1
33.7,-100.0,1
33.7,-99.5,1
33.7,-98.7,2
33.7,-98.6,6
33.7,-98.5,1
33.7,-98.4,13
33.7,-98.3,3
33.7,-98.1,3
33.7,-98.0,5
33.7,-97.9,28
33.7,-97.8,3
33.7,-97.7,18
33.7,-97.6,46
33.7,-97.5,8
33.7,-97.4,19
33.7,-97.3,1
33.7,-97.0,2
33.7,-96.9,9
33.7,-96.8,26
33.7,-96.7,19
33.7,-96.6,9
33.7,-88.8,1
33.7,-88.6,1
33.7,-88.5,5
33.7,-88.4,5
33.7,-88.3,1
33.7,-88.2,2
33.8,-118.2,4
33.8,-103.8,1
33.8,-102.5,1
33.8,-102.4,5
33.8,-99.9,1
33.8,-99.1,1
33.8,-99.0,2
33.8,-98.9,7
33.8,-98.8,9
33.8,-98.7,31
33.8,-98.6,8
33.8,-98.5,25
33.8,-98.4,12
33.8,-98.3,4
33.8,-98.2,1
33.8,-97.5,1
33.8,-97.2,4
33.8,-97.1,4
33.8,-97.0,6
33.8,-96.9,16
33.8,-96.7,10
33.9,-118.2,1
33.9,-109.7,1
33.9,-100.2,1
33.9,-99.1,28
33.9,-99.0,9
33.9,-98.9,37
33.9,-98.8,128
33.9,-98.7,31
33.9,-98.6,2
33.9,-98.5,5
33.9,-97.7,18
33.9,-97.6,1
33.9,-97.5,2
33.9,-97.4,15
33.9,-97.3,2
33.9,-97.2,16
33.9,-97.1,25
33.9,-97.0,2
33.9,-96.8,4
34.0,-118.4,2
34.0,-101.9,1
34.0,-101.7,2
34.0,-100.8,1
34.0,-100.2,8
34.0,-99.4,1
34.0,-99.3,4
34.0,-99.2,52
34.0,-99.1,11
34.0,-99.0,45
34.0,-98.9,48
34.0,-98.8,2
34.0,-98.5,1
34.0,-98.4,2
34.0,-98.2,19
34.0,-98.0,2
34.0,-97.5,2
34.0,-97.4,13
34.0,-97.3,39
34.0,-97.2,27
34.0,-97.1,7
34.0,-97.0,41
34.0,-96.8,1
34.0,-96.6,3
34.0,-96.5,2
34.0,-96.4,5
34.0,-95.0,1
34.1,-99.7,3
34.1,-99.6,3
34.1,-99.5,2
34.1,-99.4,1
34.1,-99.2,2
34.1,-99.1,3
34.1,-99.0,5
34.1,-98.9,6
34.1,-98.8,3
34.1,-98.7,3
34.1,-98.6,3
34.1,-97.6,8
34.1,-97.5,3
34.1,-97.4,21
34.1,-97.3,3
34.1,-97.2,17
34.1,-97.1,1
34.1,-96.9,3
34.1,-96.8,4
34.1,-96.7,45
34.1,-96.6,46
34.1,-96.5,1
34.1,-96.1,2
34.1,-93.0,1
34.2,-100.0,1
34.2,-99.8,3
34.2,-99.7,2
34.2,-99.6,1
34.2,-99.5,3
34.2,-99.3,1
34.2,-99.2,1
34.2,-98.7,1
34.2,-97.8,1
34.2,-97.7,2
34.2,-97.6,2
34.2,-97.5,4
34.2,-97.4,151
34.2,-97.3,13
34.2,-97.2,8
34.2,-97.1,21
34.2,-97.0,76
34.2,-96.9,77
34.2,-96.8,41
34.2,-96.7,13
34.2,-96.2,1
34.2,-96.1,1
34.3,-119.4,1
34.3,-119.3,9
34.3,-119.2,1
34.3,-119.0,2
34.3,-118.6,1
34.3,-99.8,1
34.3,-99.7,11
34.3,-99.6,4
34.3,-99.5,2
34.3,-99.4,1
34.3,-99.3,31
34.3,-99.2,1
34.3,-99.1,4
34.3,-99.0,15
34.3,-98.9,1
34.3,-97.7,88
34.3,-97.6,24
34.3,-97.5,59
34.3,-97.4,49
34.3,-97.3,1
34.3,-97.2,3
34.3,-97.1,35
34.3,-97.0,53
34.3,-96.9,9
34.3,-96.4,1
34.3,-96.2,2
34.4,-118.9,5
34.4,-118.8,1
34.4,-102.3,1
34.4,-99.7,1
34.4,-99.6,8
34.4,-98.0,1
34.4,-97.7,41
34.4,-97.6,81
34.4,-97.5,173
34.4,-97.4,223
34.4,-96.4,1
34.4,-96.3,4
34.4,-96.2,12
34.4,-96.1,2
34.4,-96.0,1
34.5,-118.9,14
34.5,-102.4,1
34.5,-101.5,1
34.5,-99.6,1
34.5,-99.2,40
34.5,-98.0,3
34.5,-97.8,30
34.5,-97.7,71
34.5,-97.6,79
34.5,-97.5,94
34.5,-97.4,6
34.5,-97.3,17
34.5,-97.2,20
34.5,-97.1,5
34.5,-96.4,1
34.5,-96.3,43
34.5,-96.2,7
34.5,-96.0,1
34.5,-95.9,1
34.5,-95.8,1
34.6,-99.7,2
34.6,-99.3,39
34.6,-98.0,8
34.6,-97.9,1
34.6,-97.8,2
34.6,-97.7,23
34.6,-97.6,103
34.6,-97.5,37
34.6,-97.4,17
34.6,-97.3,1
34.6,-97.2,3
34.6,-96.6,67
34.6,-96.5,21
34.6,-96.4,16
34.6,-96.3,20
34.6,-96.2,16
34.6,-96.1,25
34.6,-96.0,4
34.6,-95.8,1
34.6,-95.7,1
34.6,-95.0,1
34.7,-101.3,1
34.7,-98.1,1
34.7,-98.0,8
34.7,-97.9,5
34.7,-97.8,10
34.7,-97.7,186
34.7,-97.6,226
34.7,-97.5,45
34.7,-97.4,3
34.7,-97.3,5
34.7,-97.0,2
34.7,-96.4,4
34.7,-96.3,8
34.7,-96.2,20
34.7,-96.1,30
34.7,-96.0,5
34.7,-95.9,2
34.7,-95.8,1
34.7,-95.3,2
34.7,-95.2,1
34.8,-98.3,1
34.8,-98.0,2
34.8,-97.9,2
34.8,-97.8,126
34.8,-97.7,90
34.8,-97.6,65
34.8,-97.5,23
34.8,-97.3,2
34.8,-97.2,1
34.8,-96.9,1
34.8,-96.7,2
34.8,-96.4,3
34.8,-96.3,5
34.8,-96.2,2
34.8,-96.1,45
34.8,-96.0,6
34.8,-95.9,2
34.8,-95.7,8
34.8,-95.5,2
34.8,-95.3,4
34.8,-95.2,1
34.8,-95.1,7
34.9,-98.4,1
34.9,-98.3,2
34.9,-98.2,46
34.9,-98.1,34
34.9,-98.0,26
34.9,-97.9,14
34.9,-97.8,96
34.9,-97.7,104
34.9,-97.6,70
34.9,-97.5,19
34.9,-97.4,31
34.9,-97.3,19
34.9,-97.2,3
34.9,-97.1,3
34.9,-97.0,2
34.9,-96.9,9
34.9,-96.8,2
34.9,-96.7,3
34.9,-96.5,8
34.9,-96.4,25
34.9,-96.3,4
34.9,-96.2,12
34.9,-96.1,16
34.9,-96.0,18
34.9,-95.9,21
34.9,-95.7,1
34.9,-95.6,4
34.9,-95.4,2
34.9,-95.2,6
34.9,-95.1,1
35.0,-119.2,1
35.0,-119.1,1
35.0,-99.8,1
35.0,-98.5,5
35.0,-98.2,16
35.0,-98.1,23
35.0,-98.0,52
35.0,-97.9,63
35.0,-97.8,146
35.0,-97.7,111
35.0,-97.6,58
35.0,-97.5,10
35.0,-97.4,46
35.0,-97.3,6
35.0,-97.1,6
35.0,-97.0,5
35.0,-96.9,7
35.0,-96.8,8
35.0,-96.7,6
35.0,-96.6,7
35.0,-96.5,37
35.0,-96.4,19
35.0,-96.3,11
35.0,-96.2,50
35.0,-96.1,33
35.0,-96.0,11
35.0,-95.9,19
35.0,-95.8,16
35.0,-95.7,2
35.0,-95.5,3
35.0,-95.4,1
35.0,-95.3,2
35.0,-95.1,1
35.0,-95.0,12
35.0,-94.9,6
35.1,-119.4,3
35.1,-119.3,14
35.1,-119.2,1
35.1,-100.4,1
35.1,-98.7,2
35.1,-98.5,2
35.1,-98.4,1
35.1,-98.3,1
35.1,-98.1,3
35.1,-98.0,28
35.1,-97.9,35
35.1,-97.8,104
35.1,-97.7,78
35.1,-97.6,51
35.1,-97.5,22
35.1,-97.4,13
35.1,-97.2,2
35.1,-97.0,7
35.1,-96.9,9
35.1,-96.8,3
35.1,-96.7,5
35.1,-96.6,8
35.1,-96.5,13
35.1,-96.4,10
35.1,-96.3,12
35.1,-96.2,75
35.1,-96.1,79
35.1,-96.0,81
35.1,-95.9,38
35.1,-95.8,4
35.1,-95.7,5
35.1,-95.6,7
35.1,-95.5,54
35.1,-95.4,34
35.1,-95.3,6
35.1,-95.2,6
35.1,-94.8,2
35.1,-93.6,1
35.2,-119.5,24
35.2,-119.4,12
35.2,-119.3,25
35.2,-119.2,3
35.2,-102.2,1
35.2,-100.7,6
35.2,-100.6,1
35.2,-100.0,14
35.2,-99.8,1
35.2,-99.4,2
35.2,-99.3,5
35.2,-99.2,1
35.2,-99.1,4
35.2,-98.8,1
35.2,-98.5,1
35.2,-98.4,10
35.2,-98.3,11
35.2,-98.2,16
35.2,-98.1,8
35.2,-98.0,13
35.2,-97.9,23
35.2,-97.8,53
35.2,-97.7,46
35.2,-97.6,54
35.2,-97.5,2
35.2,-97.4,1
35.2,-97.3,2
35.2,-97.2,3
35.2,-97.1,3
35.2,-97.0,6
35.2,-96.9,1
35.2,-96.8,2
35.2,-96.7,2
35.2,-96.6,9
35.2,-96.5,2
35.2,-96.3,1
35.2,-96.2,12
35.2,-96.1,43
35.2,-96.0,47
35.2,-95.9,6
35.2,-95.5,3
35.2,-95.4,2
35.2,-94.7,1
35.2,-94.6,2
35.2,-94.2,1
35.2,-94.0,4
35.2,-93.9,6
35.2,-93.7,1
35.2,-93.6,1
35.2,-92.7,10
35.2,-92.6,5
35.2,-92.4,1
35.2,-92.3,10
35.2,-92.2,1
35.2,-92.1,2
35.2,-92.0,10
35.2,-91.9,19
35.2,-91.8,1
35.3,-119.7,1
35.3,-119.6,32
35.3,-119.5,149
35.3,-119.4,23
35.3,-119.3,7
35.3,-119.1,1
35.3,-103.6,1
35.3,-101.8,4
35.3,-101.3,3
35.3,-101.2,3
35.3,-100.3,2
35.3,-100.2,2
35.3,-100.1,23
35.3,-100.0,20
35.3,-99.8,3
35.3,-99.6,1
35.3,-99.5,4
35.3,-99.4,2
35.3,-99.2,10
35.3,-99.1,7
35.3,-99.0,2
35.3,-98.9,2
35.3,-98.8,2
35.3,-98.7,5
35.3,-98.6,3
35.3,-98.5,7
35.3,-98.4,10
35.3,-98.3,11
35.3,-98.2,4
35.3,-98.1,7
35.3,-98.0,25
35.3,-97.9,48
35.3,-97.8,72
35.3,-97.7,83
35.3,-97.6,5
35.3,-97.4,1
35.3,-97.2,1
35.3,-97.0,2
35.3,-96.9,1
35.3,-96.7,22
35.3,-96.6,8
35.3,-96.5,11
35.3,-96.4,7
35.3,-96.3,12
35.3,-96.2,1
35.3,-96.1,15
35.3,-96.0,2
35.3,-95.9,7
35.3,-93.9,2
35.3,-92.8,50
35.3,-92.7,101
35.3,-92.6,68
35.3,-92.5,66
35.3,-92.4,52
35.3,-92.3,35
35.3,-92.2,73
35.3,-92.1,24
35.3,-92.0,36
35.3,-91.9,39
35.3,-91.8,37
35.3,-91.7,3
35.3,-91.6,3
35.4,-119.8,1
35.4,-119.7,900
35.4,-119.6,4
35.4,-119.4,1
35.4,-107.9,1
35.4,-102.4,1
35.4,-101.8,14
35.4,-101.7,3
35.4,-101.4,2
35.4,-100.7,3
35.4,-100.6,3
35.4,-100.5,4
35.4,-100.3,2
35.4,-100.2,17
35.4,-100.1,115
35.4,-100.0,121
35.4,-99.9,77
35.4,-99.8,25
35.4,-99.7,11
35.4,-99.6,27
35.4,-99.5,12
35.4,-99.4,29
35.4,-99.3,8
35.4,-99.2,14
35.4,-99.1,53
35.4,-99.0,41
35.4,-98.9,20
35.4,-98.8,1
35.4,-98.7,2
35.4,-98.6,1
35.4,-98.5,10
35.4,-98.4,3
35.4,-98.3,3
35.4,-98.2,20
35.4,-98.1,52
35.4,-98.0,55
35.4,-97.9,80
35.4,-97.8,62
35.4,-97.7,8
35.4,-97.6,1
35.4,-97.5,14
35.4,-97.4,12
35.4,-97.3,2
35.4,-97.2,4
35.4,-97.1,1
35.4,-96.9,1
35.4,-96.8,1
35.4,-96.6,4
35.4,-96.5,8
35.4,-96.4,9
35.4,-96.3,12
35.4,-96.2,2
35.4,-96.1,1
35.4,-95.9,1
35.4,-95.6,3
35.4,-94.0,1
35.4,-93.8,1
35.4,-93.7,1
35.4,-92.9,3
35.4,-92.8,46
35.4,-92.7,47
35.4,-92.6,143
35.4,-92.5,124
35.4,-92.4,114
35.4,-92.3,70
35.4,-92.2,83
35.4,-92.1,108
35.4,-92.0,44
35.4,-91.9,41
35.4,-91.8,104
35.4,-91.7,91
35.4,-91.6,54
35.4,-91.5,1
35.5,-119.8,829
35.5,-119.7,1233
35.5,-119.6,1
35.5,-119.5,2
35.5,-119.3,23
35.5,-119.2,8
35.5,-103.6,1
35.5,-103.4,1
35.5,-102.4,3
35.5,-102.3,7
35.5,-102.2,28
35.5,-102.1,13
35.5,-102.0,11
35.5,-101.9,3
35.5,-101.8,5
35.5,-101.7,9
35.5,-101.5,1
35.5,-101.4,2
35.5,-101.3,3
35.5,-100.6,1
35.5,-100.5,4
35.5,-100.4,6
35.5,-100.3,25
35.5,-100.2,123
35.5,-100.1,103
35.5,-100.0,100
35.5,-99.9,12
35.5,-99.8,15
35.5,-99.7,6
35.5,-99.6,22
35.5,-99.5,12
35.5,-99.4,20
35.5,-99.3,7
35.5,-99.2,1
35.5,-99.1,7
35.5,-99.0,3
35.5,-98.9,3
35.5,-98.7,1
35.5,-98.6,8
35.5,-98.5,8
35.5,-98.4,8
35.5,-98.3,22
35.5,-98.2,15
35.5,-98.1,89
35.5,-98.0,95
35.5,-97.9,87
35.5,-97.8,45
35.5,-97.6,7
35.5,-97.5,5
35.5,-97.4,5
35.5,-97.3,1
35.5,-97.1,9
35.5,-97.0,2
35.5,-96.9,14
35.5,-96.8,1
35.5,-96.5,1
35.5,-96.4,6
35.5,-96.2,3
35.5,-96.1,2
35.5,-96.0,2
35.5,-95.6,2
35.5,-95.3,1
35.5,-93.9,1
35.5,-92.8,1
35.5,-92.7,43
35.5,-92.6,91
35.5,-92.5,130
35.5,-92.4,93
35.5,-92.3,122
35.5,-92.2,128
35.5,-92.1,3
35.5,-92.0,66
35.5,-91.9,118
35.5,-91.8,100
35.5,-91.7,48
35.5,-91.6,12
35.5,-91.5,2
35.6,-119.8,2
35.6,-119.7,283
35.6,-119.5,2
35.6,-119.4,7
35.6,-119.3,35
35.6,-102.4,1
35.6,-102.3,11
35.6,-102.2,8
35.6,-102.1,3
35.6,-102.0,8
35.6,-101.9,33
35.6,-101.8,4
35.6,-101.7,4
35.6,-101.6,1
35.6,-101.5,2
35.6,-100.5,1
35.6,-100.4,3
35.6,-100.3,69
35.6,-100.2,68
35.6,-100.1,25
35.6,-100.0,9
35.6,-99.9,13
35.6,-99.8,17
35.6,-99.7,13
35.6,-99.6,5
35.6,-99.5,12
35.6,-99.4,4
35.6,-99.3,11
35.6,-99.2,6
35.6,-99.1,1
35.6,-99.0,12
35.6,-98.9,8
35.6,-98.8,1
35.6,-98.7,12
35.6,-98.6,28
35.6,-98.5,19
35.6,-98.4,13
35.6,-98.3,50
35.6,-98.2,306
35.6,-98.1,142
35.6,-98.0,57
35.6,-97.9,70
35.6,-97.8,39
35.6,-97.7,13
35.6,-97.6,16
35.6,-97.5,1
35.6,-97.2,4
35.6,-97.1,1
35.6,-97.0,1
35.6,-96.9,1
35.6,-96.8,3
35.6,-96.7,1
35.6,-96.6,3
35.6,-96.5,3
35.6,-96.4,1
35.6,-96.3,2
35.6,-96.2,4
35.6,-96.1,1
35.6,-95.8,1
35.6,-92.5,22
35.6,-92.4,17
35.6,-92.3,10
35.6,-92.2,31
35.6,-92.1,36
35.6,-92.0,19
35.6,-91.9,23
35.6,-91.8,4
35.6,-91.7,5
35.6,-91.6,3
35.6,-91.1,1
35.7,-119.8,108
35.7,-102.5,2
35.7,-102.4,1
35.7,-102.0,1
35.7,-101.9,17
35.7,-101.8,39
35.7,-101.7,42
35.7,-101.6,1
35.7,-100.5,8
35.7,-100.4,20
35.7,-100.3,44
35.7,-100.2,61
35.7,-100.1,33
35.7,-100.0,20
35.7,-99.9,11
35.7,-99.8,36
35.7,-99.7,43
35.7,-99.6,7
35.7,-99.4,17
35.7,-99.3,13
35.7,-99.2,3
35.7,-99.1,10
35.7,-99.0,9
35.7,-98.9,10
35.7,-98.8,22
35.7,-98.7,54
35.7,-98.6,57
35.7,-98.5,65
35.7,-98.4,55
35.7,-98.3,88
35.7,-98.2,142
35.7,-98.1,54
35.7,-98.0,72
35.7,-97.9,72
35.7,-97.8,73
35.7,-97.7,24
35.7,-97.6,34
35.7,-97.5,3
35.7,-97.4,1
35.7,-97.2,4
35.7,-97.1,1
35.7,-96.9,2
35.7,-96.8,26
35.7,-96.7,3
35.7,-96.6,1
35.7,-96.5,9
35.7,-96.4,8
35.7,-96.3,3
35.7,-96.2,13
35.7,-95.9,9
35.7,-95.7,7
35.8,-103.9,6
35.8,-103.8,9
35.8,-103.0,1
35.8,-102.6,3
35.8,-102.0,2
35.8,-101.9,6
35.8,-101.8,40
35.8,-101.7,29
35.8,-101.5,4
35.8,-100.8,4
35.8,-100.7,3
35.8,-100.6,25
35.8,-100.5,12
35.8,-100.4,18
35.8,-100.3,14
35.8,-100.2,33
35.8,-100.1,31
35.8,-100.0,50
35.8,-99.9,41
35.8,-99.8,47
35.8,-99.7,64
35.8,-99.6,25
35.8,-99.5,34
35.8,-99.4,12
35.8,-99.3,29
35.8,-99.2,12
35.8,-99.1,12
35.8,-99.0,14
35.8,-98.9,18
35.8,-98.8,23
35.8,-98.7,22
35.8,-98.6,38
35.8,-98.5,52
35.8,-98.4,62
35.8,-98.3,148
35.8,-98.2,177
35.8,-98.1,120
35.8,-98.0,102
35.8,-97.9,87
35.8,-97.8,115
35.8,-97.7,39
35.8,-97.6,9
35.8,-97.5,8
35.8,-97.4,1
35.8,-97.2,1
35.8,-97.0,1
35.8,-96.9,10
35.8,-96.8,8
35.8,-96.7,4
35.8,-96.6,5
35.8,-96.5,3
35.8,-96.2,1
35.8,-96.0,2
35.8,-95.7,2
35.9,-104.1,1
35.9,-104.0,4
35.9,-103.9,6
35.9,-103.8,2
35.9,-103.6,2
35.9,-103.5,1
35.9,-102.4,6
35.9,-102.3,1
35.9,-102.2,1
35.9,-102.0,3
35.9,-101.9,27
35.9,-101.8,35
35.9,-101.7,23
35.9,-101.6,14
35.9,-101.5,9
35.9,-101.4,1
35.9,-101.2,1
35.9,-101.0,2
35.9,-100.9,27
35.9,-100.8,26
35.9,-100.7,51
35.9,-100.6,48
35.9,-100.5,42
35.9,-100.4,18
35.9,-100.3,27
35.9,-100.2,30
35.9,-100.1,12
35.9,-100.0,13
35.9,-99.9,9
35.9,-99.8,83
35.9,-99.7,75
35.9,-99.6,38
35.9,-99.5,22
35.9,-99.4,8
35.9,-99.3,47
35.9,-99.2,41
35.9,-99.1,10
35.9,-99.0,7
35.9,-98.9,20
35.9,-98.8,17
35.9,-98.7,33
35.9,-98.6,15
35.9,-98.5,26
35.9,-98.4,43
35.9,-98.3,54
35.9,-98.2,129
35.9,-98.1,105
35.9,-98.0,76
35.9,-97.9,85
35.9,-97.8,245
35.9,-97.7,105
35.9,-97.6,31
35.9,-97.5,32
35.9,-97.4,11
35.9,-97.1,1
35.9,-97.0,13
35.9,-96.9,46
35.9,-96.8,6
35.9,-96.7,2
35.9,-96.5,3
35.9,-96.4,9
35.9,-96.3,6
35.9,-96.2,1
35.9,-95.8,1
35.9,-95.6,6
35.9,-95.4,17
36.0,-120.0,1
36.0,-107.1,2
36.0,-104.0,1
36.0,-103.8,1
36.0,-103.7,2
36.0,-103.6,2
36.0,-102.4,3
36.0,-102.3,1
36.0,-102.1,1
36.0,-102.0,2
36.0,-101.9,5
36.0,-101.8,7
36.0,-101.7,14
36.0,-101.6,14
36.0,-101.5,4
36.0,-101.4,1
36.0,-101.2,3
36.0,-101.1,6
36.0,-101.0,22
36.0,-100.9,25
36.0,-100.8,27
36.0,-100.7,29
36.0,-100.6,16
36.0,-100.5,16
36.0,-100.4,22
36.0,-100.3,33
36.0,-100.2,39
36.0,-100.1,10
36.0,-100.0,11
36.0,-99.9,21
36.0,-99.8,116
36.0,-99.7,72
36.0,-99.6,30
36.0,-99.5,13
36.0,-99.4,9
36.0,-99.2,26
36.0,-99.1,18
36.0,-99.0,16
36.0,-98.9,24
36.0,-98.8,11
36.0,-98.7,24
36.0,-98.6,18
36.0,-98.5,10
36.0,-98.4,3
36.0,-98.3,10
36.0,-98.2,39
36.0,-98.1,32
36.0,-98.0,56
36.0,-97.9,142
36.0,-97.8,190
36.0,-97.7,104
36.0,-97.6,24
36.0,-97.5,49
36.0,-97.4,44
36.0,-97.3,18
36.0,-97.2,23
36.0,-97.1,24
36.0,-97.0,23
36.0,-96.9,47
36.0,-96.8,19
36.0,-96.7,4
36.0,-96.6,30
36.0,-96.5,18
36.0,-96.4,5
36.0,-96.3,3
36.0,-96.0,10
36.0,-95.8,2
36.0,-95.5,1
36.0,-95.4,6
36.1,-107.6,9
36.1,-107.5,15
36.1,-107.4,9
36.1,-107.3,2
36.1,-103.8,1
36.1,-103.7,1
36.1,-102.2,1
36.1,-102.1,2
36.1,-102.0,8
36.1,-101.9,10
36.1,-101.8,4
36.1,-101.3,1
36.1,-101.2,2
36.1,-101.1,9
36.1,-101.0,50
36.1,-100.9,49
36.1,-100.8,35
36.1,-100.7,61
36.1,-100.6,62
36.1,-100.5,39
36.1,-100.4,52
36.1,-100.3,54
36.1,-100.2,49
36.1,-100.1,19
36.1,-100.0,32
36.1,-99.9,78
36.1,-99.8,74
36.1,-99.7,12
36.1,-99.6,16
36.1,-99.5,8
36.1,-99.4,5
36.1,-99.3,4
36.1,-99.2,6
36.1,-99.1,26
36.1,-99.0,40
36.1,-98.9,28
36.1,-98.8,39
36.1,-98.7,41
36.1,-98.6,19
36.1,-98.5,18
36.1,-98.4,3
36.1,-98.3,2
36.1,-98.2,11
36.1,-98.1,30
36.1,-98.0,55
36.1,-97.9,62
36.1,-97.8,106
36.1,-97.7,65
36.1,-97.6,39
36.1,-97.5,79
36.1,-97.4,44
36.1,-97.3,52
36.1,-97.2,11
36.1,-97.1,26
36.1,-97.0,58
36.1,-96.9,22
36.1,-96.8,11
36.1,-96.7,3
36.1,-96.6,11
36.1,-96.5,5
36.1,-96.4,1
36.1,-96.3,3
36.1,-96.2,2
36.2,-108.0,12
36.2,-107.9,4
36.2,-107.8,60
36.2,-107.7,78
36.2,-107.6,66
36.2,-107.5,88
36.2,-107.4,19
36.2,-107.2,2
36.2,-107.1,11
36.2,-102.1,4
36.2,-102.0,17
36.2,-101.9,3
36.2,-101.8,1
36.2,-101.7,1
36.2,-101.6,3
36.2,-101.2,11
36.2,-101.1,13
36.2,-101.0,5
36.2,-100.9,28
36.2,-100.8,24
36.2,-100.7,37
36.2,-100.6,24
36.2,-100.5,18
36.2,-100.4,25
36.2,-100.3,7
36.2,-100.2,25
36.2,-100.1,28
36.2,-100.0,76
36.2,-99.9,57
36.2,-99.8,22
36.2,-99.7,11
36.2,-99.6,6
36.2,-99.5,2
36.2,-99.4,2
36.2,-99.3,10
36.2,-99.2,12
36.2,-99.1,12
36.2,-99.0,27
36.2,-98.9,35
36.2,-98.8,64
36.2,-98.7,35
36.2,-98.6,11
36.2,-98.5,25
36.2,-98.4,10
36.2,-98.3,14
36.2,-98.2,12
36.2,-98.1,3
36.2,-98.0,14
36.2,-97.9,44
36.2,-97.8,30
36.2,-97.7,21
36.2,-97.6,18
36.2,-97.5,22
36.2,-97.4,24
36.2,-97.3,28
36.2,-97.2,25
36.2,-97.1,21
36.2,-97.0,29
36.2,-96.9,16
36.2,-96.8,25
36.2,-96.7,21
36.2,-96.6,1
36.2,-96.5,9
36.2,-96.4,18
36.2,-96.3,3
36.2,-96.2,2
36.2,-96.1,1
36.2,-96.0,6
36.2,-92.7,1
36.3,-108.2,1
36.3,-108.0,9
36.3,-107.9,10
36.3,-107.8,74
36.3,-107.7,54
36.3,-107.6,19
36.3,-107.5,28
36.3,-107.4,1
36.3,-107.2,9
36.3,-107.1,4
36.3,-102.0,6
36.3,-101.9,2
36.3,-101.8,2
36.3,-101.7,3
36.3,-101.6,1
36.3,-101.5,1
36.3,-101.4,1
36.3,-101.3,5
36.3,-101.2,6
36.3,-101.1,7
36.3,-101.0,31
36.3,-100.9,14
36.3,-100.8,16
36.3,-100.7,22
36.3,-100.6,21
36.3,-100.5,19
36.3,-100.4,15
36.3,-100.3,1
36.3,-100.2,32
36.3,-100.1,26
36.3,-100.0,21
36.3,-99.9,18
36.3,-99.8,12
36.3,-99.7,5
36.3,-99.6,2
36.3,-99.5,7
36.3,-99.4,1
36.3,-99.3,3
36.3,-99.2,1
36.3,-99.0,3
36.3,-98.9,12
36.3,-98.8,7
36.3,-98.7,26
36.3,-98.6,19
36.3,-98.5,8
36.3,-98.4,4
36.3,-98.3,8
36.3,-98.2,8
36.3,-98.1,17
36.3,-98.0,4
36.3,-97.9,6
36.3,-97.8,20
36.3,-97.7,29
36.3,-97.6,11
36.3,-97.5,18
36.3,-97.4,15
36.3,-97.3,5
36.3,-97.2,35
36.3,-97.1,21
36.3,-97.0,26
36.3,-96.9,17
36.3,-96.8,22
36.3,-96.7,1
36.3,-96.5,73
36.3,-96.4,1
36.3,-96.3,3
36.3,-96.2,2
36.3,-96.0,5
36.3,-95.9,7
36.3,-91.9,2
36.4,-108.1,2
36.4,-108.0,10
36.4,-107.9,5
36.4,-107.8,3
36.4,-107.7,3
36.4,-107.6,2
36.4,-107.5,8
36.4,-107.4,10
36.4,-107.3,2
36.4,-107.2,8
36.4,-107.1,1
36.4,-107.0,1
36.4,-101.9,1
36.4,-101.8,1
36.4,-101.6,4
36.4,-101.5,2
36.4,-101.2,6
36.4,-101.1,10
36.4,-101.0,14
36.4,-100.9,9
36.4,-100.8,8
36.4,-100.7,11
36.4,-100.6,10
36.4,-100.5,12
36.4,-100.4,8
36.4,-100.3,7
36.4,-100.2,1
36.4,-100.1,3
36.4,-100.0,6
36.4,-99.9,1
36.4,-99.5,5
36.4,-99.3,3
36.4,-99.0,2
36.4,-98.9,2
36.4,-98.8,1
36.4,-98.7,12
36.4,-98.6,9
36.4,-98.5,27
36.4,-98.4,2
36.4,-98.3,6
36.4,-98.2,3
36.4,-97.8,3
36.4,-97.7,14
36.4,-97.6,24
36.4,-97.5,5
36.4,-97.4,6
36.4,-97.3,8
36.4,-97.2,7
36.4,-97.0,17
36.4,-96.9,9
36.4,-96.8,11
36.4,-96.4,1
36.4,-96.1,2
36.5,-108.8,4
36.5,-108.1,1
36.5,-108.0,8
36.5,-107.9,3
36.5,-107.8,4
36.5,-107.7,16
36.5,-107.6,11
36.5,-107.5,20
36.5,-107.4,39
36.5,-107.3,22
36.5,-107.2,15
36.5,-107.1,31
36.5,-101.9,1
36.5,-101.8,2
36.5,-101.7,2
36.5,-101.6,7
36.5,-101.5,6
36.5,-101.4,14
36.5,-101.3,9
36.5,-101.2,1
36.5,-101.0,8
36.5,-100.9,15
36.5,-100.8,13
36.5,-100.7,17
36.5,-100.6,3
36.5,-100.5,5
36.5,-100.4,3
36.5,-100.3,2
36.5,-100.2,5
36.5,-100.1,2
36.5,-99.9,2
36.5,-99.8,1
36.5,-99.6,2
36.5,-99.5,6
36.5,-99.4,2
36.5,-99.3,1
36.5,-98.8,6
36.5,-98.7,2
36.5,-98.6,33
36.5,-98.5,15
36.5,-98.4,21
36.5,-98.3,26
36.5,-98.2,11
36.5,-98.1,8
36.5,-98.0,27
36.5,-97.9,34
36.5,-97.8,2
36.5,-97.7,51
36.5,-97.6,15
36.5,-97.5,5
36.5,-97.4,26
36.5,-97.3,21
36.5,-97.1,1
36.5,-97.0,1
36.5,-96.9,3
36.5,-96.8,2
36.5,-96.3,2
36.5,-96.2,4
36.5,-96.1,1
36.5,-96.0,8
36.5,-95.5,4
36.6,-108.2,6
36.6,-108.1,11
36.6,-108.0,17
36.6,-107.9,15
36.6,-107.8,11
36.6,-107.7,11
36.6,-107.6,44
36.6,-107.5,29
36.6,-107.4,47
36.6,-107.3,22
36.6,-107.2,6
36.6,-107.1,11
36.6,-102.1,6
36.6,-102.0,1
36.6,-101.7,1
36.6,-101.6,3
36.6,-101.5,3
36.6,-101.4,13
36.6,-101.3,23
36.6,-101.2,1
36.6,-101.0,3
36.6,-100.9,15
36.6,-100.8,14
36.6,-100.7,9
36.6,-100.6,6
36.6,-100.5,7
36.6,-100.4,1
36.6,-100.3,1
36.6,-99.9,1
36.6,-99.7,1
36.6,-99.6,1
36.6,-99.5,1
36.6,-99.4,1
36.6,-99.3,2
36.6,-99.2,1
36.6,-99.0,2
36.6,-98.9,3
36.6,-98.8,3
36.6,-98.7,11
36.6,-98.6,49
36.6,-98.5,51
36.6,-98.4,57
36.6,-98.3,36
36.6,-98.2,6
36.6,-98.1,15
36.6,-98.0,66
36.6,-97.9,55
36.6,-97.8,12
36.6,-97.7,35
36.6,-97.6,21
36.6,-97.5,1
36.6,-97.4,28
36.6,-97.3,92
36.6,-97.2,64
36.6,-97.1,13
36.6,-97.0,4
36.6,-96.7,5
36.6,-96.5,1
36.6,-96.4,1
36.6,-96.2,1
36.6,-96.0,1
36.6,-95.9,2
36.6,-95.8,1
36.6,-95.7,11
36.6,-95.5,17
36.7,-108.3,3
36.7,-108.2,7
36.7,-108.1,9
36.7,-108.0,4
36.7,-107.9,27
36.7,-107.8,23
36.7,-107.7,23
36.7,-107.6,57
36.7,-107.5,54
36.7,-107.4,46
36.7,-107.3,8
36.7,-107.1,1
36.7,-101.8,5
36.7,-101.7,1
36.7,-101.6,4
36.7,-101.5,2
36.7,-101.4,1
36.7,-101.2,1
36.7,-100.9,5
36.7,-100.8,6
36.7,-100.7,12
36.7,-100.6,17
36.7,-100.5,5
36.7,-100.4,1
36.7,-100.3,2
36.7,-100.2,2
36.7,-100.0,2
36.7,-99.9,3
36.7,-99.8,10
36.7,-99.7,2
36.7,-99.3,4
36.7,-99.2,1
36.7,-99.0,2
36.7,-98.9,6
36.7,-98.8,14
36.7,-98.7,32
36.7,-98.6,135
36.7,-98.5,144
36.7,-98.4,100
36.7,-98.3,52
36.7,-98.2,7
36.7,-98.1,21
36.7,-98.0,10
36.7,-97.9,11
36.7,-97.8,20
36.7,-97.7,4
36.7,-97.6,2
36.7,-97.5,2
36.7,-97.4,7
36.7,-97.3,9
36.7,-97.2,37
36.7,-97.1,11
36.7,-97.0,1
36.7,-96.8,1
36.7,-96.7,2
36.7,-96.4,3
36.7,-96.0,10
36.7,-95.9,1
36.7,-95.8,3
36.7,-95.7,2
36.7,-95.5,3
36.8,-108.5,3
36.8,-108.3,2
36.8,-108.2,1
36.8,-108.1,9
36.8,-108.0,52
36.8,-107.9,26
36.8,-107.8,22
36.8,-107.7,18
36.8,-107.6,7
36.8,-107.5,17
36.8,-107.4,24
36.8,-107.3,14
36.8,-107.2,3
36.8,-105.1,4
36.8,-105.0,6
36.8,-104.9,1
36.8,-101.8,1
36.8,-101.7,1
36.8,-101.5,7
36.8,-101.4,2
36.8,-101.3,6
36.8,-100.9,1
36.8,-100.8,1
36.8,-100.7,1
36.8,-100.4,1
36.8,-100.3,3
36.8,-100.2,3
36.8,-100.1,4
36.8,-100.0,1
36.8,-99.9,18
36.8,-99.8,19
36.8,-99.5,2
36.8,-99.4,1
36.8,-99.3,1
36.8,-99.1,5
36.8,-99.0,14
36.8,-98.9,22
36.8,-98.8,23
36.8,-98.7,48
36.8,-98.6,57
36.8,-98.5,97
36.8,-98.4,120
36.8,-98.3,80
36.8,-98.2,35
36.8,-98.1,31
36.8,-98.0,14
36.8,-97.9,2
36.8,-97.8,56
36.8,-97.7,12
36.8,-97.6,4
36.8,-97.4,1
36.8,-97.2,5
36.8,-97.1,6
36.8,-97.0,7
36.8,-96.5,1
36.8,-96.2,1
36.8,-95.9,8
36.8,-95.8,37
36.8,-95.7,24
36.8,-95.6,1
36.8,-95.5,1
36.9,-108.2,9
36.9,-108.1,39
36.9,-108.0,35
36.9,-107.9,14
36.9,-107.8,15
36.9,-107.7,5
36.9,-107.6,5
36.9,-107.5,25
36.9,-107.4,50
36.9,-107.3,2
36.9,-107.2,3
36.9,-105.0,2
36.9,-104.9,16
36.9,-104.8,8
36.9,-102.2,3
36.9,-102.1,1
36.9,-101.8,1
36.9,-101.7,2
36.9,-101.6,2
36.9,-101.5,4
36.9,-101.4,9
36.9,-101.3,5
36.9,-101.2,1
36.9,-100.8,1
36.9,-100.7,2
36.9,-100.4,2
36.9,-100.3,2
36.9,-100.0,1
36.9,-99.9,4
36.9,-99.5,2
36.9,-99.4,13
36.9,-99.3,34
36.9,-99.2,9
36.9,-99.1,33
36.9,-99.0,49
36.9,-98.9,94
36.9,-98.8,68
36.9,-98.7,63
36.9,-98.6,58
36.9,-98.5,37
36.9,-98.4,54
36.9,-98.3,109
36.9,-98.2,66
36.9,-98.1,24
36.9,-98.0,4
36.9,-97.9,5
36.9,-97.8,40
36.9,-97.7,25
36.9,-97.6,2
36.9,-97.5,3
36.9,-97.4,3
36.9,-97.3,1
36.9,-97.2,6
36.9,-97.1,3
36.9,-97.0,4
36.9,-96.9,11
36.9,-96.8,1
36.9,-96.0,1
36.9,-95.8,1
36.9,-95.7,5
36.9,-95.5,1
36.9,-95.4,1
36.9,-92.5,1
37.0,-109.5,1
37.0,-108.2,1
37.0,-108.1,20
37.0,-108.0,15
37.0,-107.9,2
37.0,-107.8,5
37.0,-107.7,3
37.0,-107.6,13
37.0,-107.5,7
37.0,-107.4,3
37.0,-105.0,3
37.0,-104.9,23
37.0,-104.8,14
37.0,-104.7,3
37.0,-104.6,2
37.0,-102.6,1
37.0,-102.0,1
37.0,-101.8,2
37.0,-101.7,1
37.0,-101.6,6
37.0,-101.5,4
37.0,-101.4,15
37.0,-101.3,7
37.0,-101.2,9
37.0,-100.1,1
37.0,-99.7,3
37.0,-99.2,1
37.0,-99.1,5
37.0,-99.0,6
37.0,-98.9,10
37.0,-98.8,7
37.0,-98.7,7
37.0,-98.6,18
37.0,-98.5,13
37.0,-98.4,39
37.0,-98.3,39
37.0,-98.2,71
37.0,-98.1,40
37.0,-98.0,4
37.0,-97.9,17
37.0,-97.8,11
37.0,-97.7,4
37.0,-97.4,8
37.0,-97.3,14
37.0,-97.0,9
37.0,-96.9,1
37.0,-96.0,1
37.0,-95.8,2
37.0,-95.7,1
37.0,-82.6,1
37.0,-82.5,23
37.0,-82.4,11
37.0,-82.3,5
37.0,-82.2,31
37.0,-82.1,17
37.1,-107.9,4
37.1,-107.8,65
37.1,-107.7,67
37.1,-107.6,40
37.1,-107.5,5
37.1,-107.4,3
37.1,-105.0,12
37.1,-104.9,35
37.1,-104.8,30
37.1,-104.7,5
37.1,-104.6,3
37.1,-102.0,1
37.1,-101.9,3
37.1,-101.6,4
37.1,-101.5,1
37.1,-101.4,1
37.1,-101.3,4
37.1,-99.9,1
37.1,-99.8,1
37.1,-99.7,2
37.1,-99.5,2
37.1,-99.4,21
37.1,-99.3,6
37.1,-99.2,6
37.1,-99.1,2
37.1,-98.5,4
37.1,-98.4,8
37.1,-98.3,17
37.1,-98.2,34
37.1,-98.1,18
37.1,-98.0,57
37.1,-97.9,4
37.1,-97.8,24
37.1,-97.7,2
37.1,-82.5,10
37.1,-82.4,6
37.1,-82.3,97
37.1,-82.2,135
37.1,-82.1,66
37.1,-82.0,12
37.1,-81.9,9
37.1,-81.8,2
37.2,-107.9,2
37.2,-107.8,15
37.2,-107.7,8
37.2,-107.6,6
37.2,-107.5,7
37.2,-107.4,4
37.2,-105.0,10
37.2,-104.9,75
37.2,-104.8,61
37.2,-104.7,24
37.2,-104.4,1
37.2,-102.0,1
37.2,-101.9,6
37.2,-101.6,3
37.2,-101.4,3
37.2,-101.3,4
37.2,-101.2,5
37.2,-101.0,2
37.2,-100.4,1
37.2,-99.7,1
37.2,-99.4,11
37.2,-99.2,7
37.2,-98.4,1
37.2,-98.2,2
37.2,-98.1,6
37.2,-98.0,14
37.2,-97.9,16
37.2,-97.8,1
37.2,-97.7,4
37.2,-97.6,1
37.2,-97.5,2
37.2,-96.9,3
37.2,-86.5,1
37.2,-82.4,4
37.2,-82.3,17
37.2,-82.2,86
37.2,-82.1,13
37.2,-82.0,1
37.2,-81.9,24
37.2,-81.8,9
37.3,-107.8,1
37.3,-107.7,2
37.3,-107.6,2
37.3,-107.5,1
37.3,-105.0,14
37.3,-104.9,22
37.3,-104.8,34
37.3,-104.7,40
37.3,-104.6,1
37.3,-102.2,1
37.3,-101.6,2
37.3,-101.5,3
37.3,-101.4,6
37.3,-101.3,6
37.3,-101.2,4
37.3,-101.1,1
37.3,-101.0,2
37.3,-100.6,3
37.3,-99.5,5
37.3,-99.4,23
37.3,-99.3,1
37.3,-99.2,1
37.3,-98.9,1
37.3,-97.7,3
37.3,-82.3,13
37.3,-82.2,16
37.3,-82.0,10
37.3,-81.9,8
37.3,-81.8,1
37.4,-109.4,1
37.4,-101.6,3
37.4,-101.5,5
37.4,-101.4,5
37.4,-101.3,3
37.4,-101.2,2
37.4,-101.1,4
37.4,-100.9,3
37.4,-100.6,8
37.4,-99.9,1
37.4,-99.5,8
37.4,-99.4,6
37.4,-96.5,1
37.4,-82.2,1
37.4,-82.1,3
37.5,-109.2,1
37.5,-108.6,1
37.5,-101.8,9
37.5,-101.6,3
37.5,-101.5,4
37.5,-101.4,4
37.5,-101.3,5
37.5,-101.2,2
37.5,-101.1,3
37.5,-101.0,5
37.5,-100.9,6
37.5,-100.8,1
37.5,-100.6,1
37.5,-100.0,6
37.5,-99.7,1
37.5,-97.6,1
37.5,-82.0,3
37.6,-101.7,1
37.6,-101.5,3
37.6,-101.4,1
37.6,-101.1,2
37.6,-101.0,30
37.6,-100.9,8
37.6,-100.8,1
37.6,-99.6,1
37.6,-98.4,2
37.6,-97.2,1
37.7,-109.2,1
37.7,-109.1,1
37.7,-108.8,2
37.7,-105.1,2
37.7,-102.6,1
37.7,-101.7,1
37.7,-101.4,3
37.7,-101.1,3
37.7,-101.0,26
37.7,-100.9,8
37.7,-100.6,1
37.7,-100.5,1
37.7,-99.7,1
37.7,-99.5,1
37.7,-98.6,1
37.8,-109.3,1
37.8,-101.2,1
37.8,-101.1,1
37.8,-101.0,2
37.8,-100.9,14
37.8,-100.6,1
37.8,-100.5,8
37.8,-98.8,1
37.8,-98.7,1
37.8,-98.6,1
37.8,-98.5,3
37.8,-98.4,5
37.9,-101.0,5
37.9,-100.9,12
37.9,-100.8,11
37.9,-98.5,4
37.9,-98.4,20
37.9,-98.3,4
38.0,-101.1,9
38.0,-101.0,11
38.0,-100.9,2
38.0,-100.8,1
38.0,-99.8,2
38.0,-98.8,1
38.0,-98.4,1
38.0,-98.3,3
38.0,-97.2,1
38.0,-83.0,1
38.0,-82.8,20
38.0,-82.7,3
38.0,-82.6,18
38.0,-80.3,1
38.1,-108.7,2
38.1,-108.5,10
38.1,-108.3,1
38.1,-102.7,1
38.1,-101.4,1
38.1,-101.3,1
38.1,-101.1,4
38.1,-101.0,3
38.1,-100.7,3
38.1,-87.7,1
38.1,-82.6,2
38.2,-109.4,1
38.2,-109.3,2
38.2,-109.2,12
38.2,-101.5,2
38.2,-101.4,2
38.2,-100.8,1
38.2,-99.9,3
38.2,-88.1,1
38.2,-87.9,1
38.2,-82.7,5
38.3,-109.6,1
38.3,-109.5,1
38.3,-109.2,2
38.3,-105.2,5
38.3,-103.0,1
38.3,-100.9,1
38.3,-100.5,1
38.3,-100.0,1
38.3,-97.9,1
38.4,-115.4,1
38.4,-103.1,1
38.4,-102.8,1
38.4,-83.0,1
38.4,-82.9,2
38.5,-102.1,1
38.5,-100.9,2
38.5,-100.1,1
38.5,-99.6,2
38.5,-88.5,1
38.5,-88.1,1
38.6,-109.9,2
38.6,-109.8,1
38.6,-103.4,1
38.6,-103.2,1
38.6,-102.8,1
38.6,-80.5,1
38.7,-109.9,2
38.7,-104.6,1
38.7,-103.6,2
38.7,-103.4,1
38.7,-102.8,1
38.7,-102.7,1
38.7,-80.5,2
38.7,-80.4,1
38.8,-112.0,2
38.8,-111.9,1
38.8,-97.6,1
38.8,-80.9,2
38.8,-80.3,6
38.8,-80.2,15
38.9,-110.0,1
38.9,-104.5,1
38.9,-103.9,1
38.9,-101.5,2
38.9,-80.9,1
38.9,-80.8,1
38.9,-80.4,2
38.9,-80.3,1
38.9,-80.2,2
39.0,-110.1,1
39.0,-108.2,3
39.0,-108.0,1
39.0,-107.9,1
39.0,-107.5,6
39.0,-107.4,5
39.0,-103.9,1
39.0,-103.6,1
39.0,-99.6,1
39.0,-81.1,1
39.0,-80.5,1
39.0,-80.4,1
39.0,-80.3,1
39.1,-122.0,1
39.1,-121.9,2
39.1,-111.8,1
39.1,-107.5,1
39.1,-107.4,10
39.1,-100.5,1
39.1,-99.8,3
39.1,-99.7,2
39.1,-80.8,19
39.1,-80.7,6
39.1,-80.6,2
39.1,-80.5,3
39.1,-80.4,1
39.1,-80.3,1
39.1,-80.2,6
39.1,-80.1,2
39.2,-121.9,10
39.2,-121.8,5
39.2,-108.1,2
39.2,-107.8,87
39.2,-107.7,40
39.2,-107.6,1
39.2,-107.5,1
39.2,-101.0,1
39.2,-81.0,16
39.2,-80.9,99
39.2,-80.8,120
39.2,-80.7,64
39.2,-80.6,47
39.2,-80.5,53
39.2,-80.4,24
39.2,-80.2,8
39.2,-80.1,9
39.2,-80.0,17
39.3,-109.0,1
39.3,-108.4,6
39.3,-108.1,6
39.3,-107.9,8
39.3,-107.8,225
39.3,-107.7,12
39.3,-107.6,2
39.3,-81.0,98
39.3,-80.9,109
39.3,-80.8,163
39.3,-80.7,83
39.3,-80.6,22
39.3,-80.5,11
39.3,-80.4,29
39.3,-80.3,9
39.3,-80.2,48
39.3,-80.1,36
39.3,-79.9,1
39.4,-110.8,1
39.4,-109.5,5
39.4,-109.4,2
39.4,-109.1,1
39.4,-108.6,1
39.4,-108.4,2
39.4,-108.3,6
39.4,-108.2,3
39.4,-108.1,313
39.4,-108.0,265
39.4,-107.9,20
39.4,-107.8,152
39.4,-107.7,44
39.4,-107.6,1
39.4,-104.4,2
39.4,-103.9,1
39.4,-103.6,2
39.4,-81.1,16
39.4,-81.0,79
39.4,-80.9,105
39.4,-80.8,128
39.4,-80.7,81
39.4,-80.6,9
39.4,-80.5,3
39.4,-80.4,3
39.4,-80.3,4
39.4,-80.2,6
39.4,-80.1,7
39.4,-80.0,13
39.4,-79.9,3
39.5,-122.0,1
39.5,-111.6,2
39.5,-110.7,1
39.5,-109.6,3
39.5,-109.4,1
39.5,-109.3,1
39.5,-108.6,1
39.5,-108.5,4
39.5,-108.2,421
39.5,-108.1,310
39.5,-108.0,321
39.5,-107.9,355
39.5,-107.8,333
39.5,-107.7,102
39.5,-107.6,364
39.5,-107.5,11
39.5,-107.4,1
39.5,-104.6,5
39.5,-104.5,5
39.5,-103.4,1
39.5,-101.7,1
39.5,-82.0,1
39.5,-81.7,1
39.5,-81.4,2
39.5,-81.0,30
39.5,-80.9,129
39.5,-80.8,110
39.5,-80.7,73
39.5,-80.6,38
39.5,-80.5,16
39.5,-80.4,32
39.5,-80.3,33
39.5,-80.2,4
39.5,-80.1,1
39.5,-80.0,11
39.6,-111.1,4
39.6,-110.8,5
39.6,-110.0,1
39.6,-109.4,3
39.6,-108.8,1
39.6,-108.4,4
39.6,-108.3,181
39.6,-108.2,217
39.6,-108.1,70
39.6,-108.0,28
39.6,-107.9,50
39.6,-104.6,46
39.6,-104.5,13
39.6,-104.4,1
39.6,-103.9,3
39.6,-103.4,5
39.6,-81.7,3
39.6,-81.6,2
39.6,-81.5,3
39.6,-81.4,6
39.6,-81.2,4
39.6,-81.1,19
39.6,-81.0,5
39.6,-80.9,63
39.6,-80.8,57
39.6,-80.7,59
39.6,-80.6,113
39.6,-80.5,54
39.6,-80.4,8
39.6,-80.3,35
39.6,-80.2,24
39.6,-80.1,9
39.6,-80.0,2
39.6,-79.8,1
39.6,-79.7,2
39.7,-111.8,1
39.7,-111.1,1
39.7,-110.8,2
39.7,-110.6,1
39.7,-110.3,1
39.7,-110.1,54
39.7,-110.0,1
39.7,-109.4,1
39.7,-108.8,1
39.7,-108.7,1
39.7,-108.2,137
39.7,-108.1,287
39.7,-104.7,55
39.7,-104.6,133
39.7,-104.5,23
39.7,-104.4,1
39.7,-104.3,1
39.7,-103.9,1
39.7,-81.9,1
39.7,-81.6,3
39.7,-81.5,1
39.7,-81.4,7
39.7,-81.3,1
39.7,-81.2,20
39.7,-81.1,29
39.7,-81.0,53
39.7,-80.9,65
39.7,-80.8,79
39.7,-80.7,77
39.7,-80.6,51
39.7,-80.5,24
39.7,-80.4,24
39.7,-80.3,42
39.7,-80.2,79
39.7,-80.1,22
39.7,-80.0,9
39.7,-79.9,3
39.7,-79.8,14
39.7,-79.5,4
39.7,-79.4,6
39.8,-110.6,1
39.8,-110.3,21
39.8,-110.2,22
39.8,-109.7,3
39.8,-109.3,2
39.8,-109.2,1
39.8,-109.0,1
39.8,-108.5,2
39.8,-108.4,4
39.8,-108.3,4
39.8,-108.2,2
39.8,-104.7,58
39.8,-104.6,20
39.8,-104.5,3
39.8,-104.3,2
39.8,-104.0,2
39.8,-102.2,4
39.8,-102.1,1
39.8,-101.9,1
39.8,-81.8,1
39.8,-81.7,1
39.8,-81.6,16
39.8,-81.4,33
39.8,-81.3,65
39.8,-81.2,13
39.8,-81.1,32
39.8,-81.0,67
39.8,-80.9,77
39.8,-80.8,112
39.8,-80.7,122
39.8,-80.6,62
39.8,-80.5,68
39.8,-80.4,57
39.8,-80.3,73
39.8,-80.2,68
39.8,-80.1,36
39.8,-80.0,27
39.8,-79.9,3
39.8,-79.5,1
39.8,-79.4,5
39.8,-79.3,1
39.9,-110.0,4
39.9,-109.9,2
39.9,-109.8,17
39.9,-109.7,25
39.9,-109.6,23
39.9,-109.5,1
39.9,-109.4,25
39.9,-109.3,31
39.9,-109.0,4
39.9,-108.9,4
39.9,-108.8,2
39.9,-108.6,3
39.9,-108.5,10
39.9,-108.4,97
39.9,-108.3,213
39.9,-108.2,46
39.9,-104.9,1
39.9,-104.8,56
39.9,-104.7,19
39.9,-104.6,3
39.9,-104.0,2
39.9,-103.9,1
39.9,-102.4,2
39.9,-102.3,6
39.9,-102.2,5
39.9,-81.7,3
39.9,-81.6,5
39.9,-81.5,20
39.9,-81.4,50
39.9,-81.3,81
39.9,-81.2,60
39.9,-81.1,48
39.9,-81.0,44
39.9,-80.9,79
39.9,-80.8,76
39.9,-80.7,64
39.9,-80.6,34
39.9,-80.5,107
39.9,-80.4,103
39.9,-80.3,189
39.9,-80.2,115
39.9,-80.1,129
39.9,-80.0,70
39.9,-79.9,57
39.9,-79.7,8
40.0,-110.6,29
40.0,-110.5,92
40.0,-110.4,52
40.0,-110.3,86
40.0,-110.2,170
40.0,-110.1,173
40.0,-110.0,116
40.0,-109.9,8
40.0,-109.8,28
40.0,-109.7,44
40.0,-109.6,156
40.0,-109.5,526
40.0,-109.4,541
40.0,-109.3,39
40.0,-109.2,1
40.0,-109.1,6
40.0,-109.0,12
40.0,-108.9,4
40.0,-108.5,4
40.0,-108.4,10
40.0,-108.3,6
40.0,-108.2,1
40.0,-105.1,12
40.0,-105.0,251
40.0,-104.9,529
40.0,-104.8,240
40.0,-104.7,226
40.0,-104.6,47
40.0,-104.5,1
40.0,-104.4,1
40.0,-102.5,8
40.0,-102.4,12
40.0,-102.3,2
40.0,-81.5,34
40.0,-81.4,70
40.0,-81.3,78
40.0,-81.2,40
40.0,-81.1,36
40.0,-81.0,58
40.0,-80.9,57
40.0,-80.8,61
40.0,-80.7,32
40.0,-80.6,93
40.0,-80.5,117
40.0,-80.4,102
40.0,-80.3,143
40.0,-80.2,197
40.0,-80.1,116
40.0,-80.0,42
40.0,-79.9,19
40.0,-79.8,45
40.0,-79.7,11
40.0,-79.6,2
40.0,-79.2,2
40.1,-116.1,1
40.1,-110.7,1
40.1,-110.6,31
40.1,-110.5,55
40.1,-110.4,85
40.1,-110.3,88
40.1,-110.2,120
40.1,-110.1,156
40.1,-110.0,253
40.1,-109.9,69
40.1,-109.8,141
40.1,-109.7,222
40.1,-109.6,43
40.1,-109.5,35
40.1,-109.4,4
40.1,-109.3,4
40.1,-109.2,3
40.1,-108.9,9
40.1,-108.8,5
40.1,-108.6,1
40.1,-108.3,2
40.1,-108.2,3
40.1,-107.9,1
40.1,-105.1,42
40.1,-105.0,563
40.1,-104.9,521
40.1,-104.8,440
40.1,-104.7,616
40.1,-104.6,287
40.1,-104.5,71
40.1,-104.4,11
40.1,-104.3,2
40.1,-104.1,2
40.1,-103.8,4
40.1,-103.2,2
40.1,-102.6,5
40.1,-102.5,13
40.1,-102.4,4
40.1,-95.7,1
40.1,-81.5,13
40.1,-81.4,14
40.1,-81.3,108
40.1,-81.2,9
40.1,-81.1,13
40.1,-81.0,57
40.1,-80.9,63
40.1,-80.8,51
40.1,-80.7,25
40.1,-80.6,104
40.1,-80.5,60
40.1,-80.4,107
40.1,-80.3,126
40.1,-80.2,107
40.1,-80.1,114
40.1,-80.0,34
40.1,-79.9,5
40.1,-79.8,23
40.1,-79.6,4
40.1,-79.4,3
40.1,-79.1,1
40.2,-110.8,1
40.2,-110.7,2
40.2,-110.6,28
40.2,-110.5,53
40.2,-110.4,186
40.2,-110.3,185
40.2,-110.2,53
40.2,-110.1,92
40.2,-110.0,96
40.2,-109.9,253
40.2,-109.8,104
40.2,-109.7,233
40.2,-109.6,77
40.2,-109.5,60
40.2,-109.4,270
40.2,-109.3,106
40.2,-109.2,9
40.2,-108.3,7
40.2,-108.2,2
40.2,-105.1,41
40.2,-105.0,348
40.2,-104.9,419
40.2,-104.8,402
40.2,-104.7,512
40.2,-104.6,384
40.2,-104.5,249
40.2,-104.4,36
40.2,-104.3,2
40.2,-104.2,1
40.2,-103.4,1
40.2,-103.1,1
40.2,-102.6,1
40.2,-82.5,1
40.2,-81.7,1
40.2,-81.6,1
40.2,-81.4,18
40.2,-81.3,41
40.2,-81.2,55
40.2,-81.1,46
40.2,-81.0,59
40.2,-80.9,66
40.2,-80.8,82
40.2,-80.7,51
40.2,-80.6,119
40.2,-80.5,75
40.2,-80.4,120
40.2,-80.3,50
40.2,-80.2,42
40.2,-80.1,92
40.2,-80.0,107
40.2,-79.9,84
40.2,-79.8,11
40.2,-79.7,52
40.2,-78.1,1
40.3,-110.6,1
40.3,-110.5,13
40.3,-110.4,61
40.3,-110.3,108
40.3,-110.2,135
40.3,-110.1,119
40.3,-110.0,115
40.3,-109.9,39
40.3,-109.8,48
40.3,-109.7,19
40.3,-109.6,6
40.3,-109.5,8
40.3,-109.4,2
40.3,-108.0,1
40.3,-105.0,404
40.3,-104.9,258
40.3,-104.8,303
40.3,-104.7,278
40.3,-104.6,433
40.3,-104.5,299
40.3,-104.4,211
40.3,-104.3,132
40.3,-104.2,18
40.3,-104.1,2
40.3,-103.7,1
40.3,-102.6,6
40.3,-102.5,1
40.3,-81.9,1
40.3,-81.6,1
40.3,-81.4,10
40.3,-81.3,22
40.3,-81.2,63
40.3,-81.1,74
40.3,-81.0,21
40.3,-80.9,41
40.3,-80.8,63
40.3,-80.7,70
40.3,-80.6,47
40.3,-80.5,88
40.3,-80.4,137
40.3,-80.3,63
40.3,-80.2,41
40.3,-80.0,20
40.3,-79.9,11
40.3,-79.8,21
40.3,-79.7,34
40.3,-79.6,12
40.3,-79.4,13
40.3,-79.3,9
40.3,-79.2,7
40.3,-79.1,5
40.4,-115.7,1
40.4,-110.5,2
40.4,-110.4,7
40.4,-110.3,4
40.4,-110.2,15
40.4,-110.1,12
40.4,-110.0,30
40.4,-109.9,47
40.4,-109.8,2
40.4,-109.0,1
40.4,-107.5,3
40.4,-107.4,4
40.4,-105.0,94
40.4,-104.9,266
40.4,-104.8,393
40.4,-104.7,337
40.4,-104.6,499
40.4,-104.5,445
40.4,-104.4,390
40.4,-104.3,267
40.4,-104.2,194
40.4,-104.1,4
40.4,-102.6,1
40.4,-102.5,4
40.4,-102.4,6
40.4,-102.3,3
40.4,-81.9,1
40.4,-81.7,4
40.4,-81.3,2
40.4,-81.2,58
40.4,-81.1,128
40.4,-81.0,71
40.4,-80.9,52
40.4,-80.8,31
40.4,-80.7,23
40.4,-80.5,8
40.4,-80.4,60
40.4,-80.3,86
40.4,-79.7,14
40.4,-79.6,27
40.4,-79.5,3
40.4,-79.3,22
40.4,-78.6,1
40.4,-78.5,2
40.5,-110.0,3
40.5,-109.9,1
40.5,-107.8,2
40.5,-107.7,7
40.5,-107.5,3
40.5,-107.3,2
40.5,-107.2,2
40.5,-106.5,1
40.5,-106.4,19
40.5,-105.5,1
40.5,-105.0,1
40.5,-104.9,421
40.5,-104.8,500
40.5,-104.7,238
40.5,-104.6,244
40.5,-104.5,243
40.5,-104.4,323
40.5,-104.3,114
40.5,-104.2,11
40.5,-104.1,1
40.5,-104.0,1
40.5,-103.9,3
40.5,-103.5,1
40.5,-102.4,1
40.5,-102.3,2
40.5,-81.3,4
40.5,-81.2,56
40.5,-81.1,119
40.5,-81.0,140
40.5,-80.9,16
40.5,-80.8,44
40.5,-80.7,7
40.5,-80.5,1
40.5,-80.4,35
40.5,-80.3,58
40.5,-80.2,9
40.5,-79.8,4
40.5,-79.7,13
40.5,-79.6,59
40.5,-79.5,28
40.5,-79.4,2
40.5,-79.2,6
40.5,-79.1,2
40.6,-107.9,1
40.6,-107.8,1
40.6,-107.5,2
40.6,-107.4,1
40.6,-106.5,1
40.6,-106.4,57
40.6,-106.1,3
40.6,-105.1,2
40.6,-105.0,2
40.6,-104.9,113
40.6,-104.8,159
40.6,-104.7,159
40.6,-104.6,110
40.6,-104.5,30
40.6,-104.4,15
40.6,-104.3,25
40.6,-104.2,39
40.6,-104.1,100
40.6,-104.0,48
40.6,-103.9,4
40.6,-103.8,1
40.6,-103.7,1
40.6,-102.3,3
40.6,-102.2,2
40.6,-81.3,2
40.6,-81.2,5
40.6,-81.1,74
40.6,-81.0,54
40.6,-80.9,19
40.6,-80.8,16
40.6,-80.5,2
40.6,-80.2,16
40.6,-79.9,12
40.6,-79.8,46
40.6,-79.7,11
40.6,-79.6,15
40.6,-79.4,13
40.6,-79.3,10
40.6,-79.2,1
40.6,-78.9,1
40.7,-107.9,1
40.7,-106.1,1
40.7,-105.0,5
40.7,-104.9,2
40.7,-104.8,10
40.7,-104.7,1
40.7,-104.6,1
40.7,-104.5,1
40.7,-104.4,1
40.7,-104.3,6
40.7,-104.2,17
40.7,-104.1,142
40.7,-104.0,209
40.7,-103.9,138
40.7,-103.8,44
40.7,-103.7,1
40.7,-103.4,3
40.7,-102.3,2
40.7,-102.2,8
40.7,-102.1,3
40.7,-82.3,2
40.7,-82.2,4
40.7,-81.8,1
40.7,-81.5,1
40.7,-81.3,1
40.7,-81.2,21
40.7,-81.1,14
40.7,-81.0,43
40.7,-80.9,41
40.7,-80.8,2
40.7,-80.7,3
40.7,-80.5,6
40.7,-80.4,7
40.7,-80.2,57
40.7,-80.0,10
40.7,-79.9,39
40.7,-79.8,61
40.7,-79.7,9
40.7,-79.6,43
40.7,-79.5,14
40.7,-79.4,18
40.7,-79.0,3
40.7,-78.9,4
40.7,-78.8,1
40.7,-78.5,1
40.8,-106.3,2
40.8,-105.0,2
40.8,-104.9,5
40.8,-104.8,2
40.8,-104.7,1
40.8,-104.5,2
40.8,-104.2,2
40.8,-104.1,6
40.8,-104.0,67
40.8,-103.9,203
40.8,-103.8,176
40.8,-81.5,5
40.8,-81.0,20
40.8,-80.9,13
40.8,-80.8,5
40.8,-80.7,84
40.8,-80.6,12
40.8,-80.5,8
40.8,-80.4,2
40.8,-80.2,33
40.8,-80.1,60
40.8,-80.0,74
40.8,-79.9,56
40.8,-79.8,52
40.8,-79.7,66
40.8,-79.6,39
40.8,-79.5,29
40.8,-79.4,24
40.8,-79.1,1
40.8,-78.6,1
40.8,-78.5,1
40.8,-78.4,1
40.8,-76.6,1
40.9,-115.4,3
40.9,-110.3,1
40.9,-107.3,4
40.9,-104.8,1
40.9,-104.7,1
40.9,-104.6,3
40.9,-104.5,48
40.9,-104.4,52
40.9,-104.3,3
40.9,-104.2,15
40.9,-104.1,2
40.9,-104.0,1
40.9,-103.9,3
40.9,-103.8,111
40.9,-103.7,2
40.9,-103.4,2
40.9,-103.3,1
40.9,-82.4,1
40.9,-81.0,1
40.9,-80.8,2
40.9,-80.7,2
40.9,-80.6,7
40.9,-80.5,3
40.9,-80.4,5
40.9,-80.2,4
40.9,-80.1,19
40.9,-80.0,41
40.9,-79.9,20
40.9,-79.8,44
40.9,-79.7,21
40.9,-79.6,31
40.9,-79.5,54
40.9,-79.4,24
40.9,-79.1,1
40.9,-79.0,2
40.9,-78.7,2
40.9,-78.5,4
40.9,-78.4,1
40.9,-78.2,1
41.0,-110.3,1
41.0,-108.8,35
41.0,-108.7,5
41.0,-108.6,2
41.0,-108.3,8
41.0,-108.1,1
41.0,-107.3,2
41.0,-104.8,2
41.0,-104.7,3
41.0,-104.6,32
41.0,-104.5,10
41.0,-104.4,35
41.0,-104.3,16
41.0,-104.2,1
41.0,-103.9,1
41.0,-103.8,1
41.0,-103.2,8
41.0,-81.5,2
41.0,-81.3,1
41.0,-80.9,1
41.0,-80.8,1
41.0,-80.7,1
41.0,-80.5,4
41.0,-80.4,6
41.0,-80.2,3
41.0,-80.1,3
41.0,-79.9,27
41.0,-79.8,15
41.0,-79.5,4
41.0,-79.4,3
41.0,-79.3,6
41.0,-79.2,1
41.0,-79.0,4
41.0,-78.9,5
41.0,-78.8,3
41.0,-78.1,8
41.0,-78.0,1
41.0,-77.9,2
41.0,-76.0,5
41.0,-75.5,1
41.1,-109.7,1
41.1,-108.8,33
41.1,-108.7,128
41.1,-108.6,43
41.1,-108.2,1
41.1,-107.1,2
41.1,-104.7,76
41.1,-104.6,82
41.1,-104.5,14
41.1,-82.0,1
41.1,-81.5,1
41.1,-81.3,1
41.1,-80.9,3
41.1,-80.8,1
41.1,-80.5,29
41.1,-80.4,26
41.1,-80.2,1
41.1,-80.0,5
41.1,-79.9,3
41.1,-79.8,10
41.1,-79.7,14
41.1,-79.5,2
41.1,-79.4,1
41.1,-79.2,1
41.1,-79.0,1
41.1,-78.9,1
41.1,-78.6,1
41.1,-78.5,27
41.1,-78.4,17
41.1,-78.0,2
41.1,-77.9,3
41.1,-77.8,1
41.2,-110.5,1
41.2,-108.2,11
41.2,-108.1,23
41.2,-108.0,1
41.2,-104.8,6
41.2,-104.7,65
41.2,-104.6,104
41.2,-104.5,12
41.2,-103.6,3
41.2,-103.1,1
41.2,-81.6,1
41.2,-80.8,2
41.2,-80.3,28
41.2,-80.2,1
41.2,-79.7,2
41.2,-79.2,1
41.2,-79.0,1
41.2,-78.8,11
41.2,-78.7,6
41.2,-78.6,5
41.2,-78.5,1
41.2,-78.4,4
41.2,-78.3,2
41.2,-77.8,1
41.2,-77.7,6
41.2,-77.5,11
41.2,-77.4,1
41.2,-77.3,1
41.2,-76.7,3
41.2,-76.6,19
41.2,-76.5,3
41.2,-76.4,1
41.2,-76.3,1
41.3,-108.5,2
41.3,-108.4,1
41.3,-108.0,2
41.3,-107.9,4
41.3,-107.8,3
41.3,-107.7,1
41.3,-104.8,2
41.3,-104.7,31
41.3,-104.6,2
41.3,-104.5,3
41.3,-80.6,2
41.3,-80.4,2
41.3,-80.3,5
41.3,-80.2,3
41.3,-79.9,1
41.3,-79.7,2
41.3,-79.0,1
41.3,-78.9,5
41.3,-78.8,2
41.3,-78.6,4
41.3,-78.5,3
41.3,-78.4,2
41.3,-77.5,1
41.3,-77.4,68
41.3,-77.3,116
41.3,-77.2,28
41.3,-77.1,5
41.3,-77.0,32
41.3,-76.9,29
41.3,-76.8,19
41.3,-76.7,2
41.3,-76.6,39
41.3,-76.0,1
41.4,-110.1,5
41.4,-110.0,1
41.4,-108.5,1
41.4,-108.2,1
41.4,-108.0,10
41.4,-107.9,31
41.4,-107.8,2
41.4,-107.6,1
41.4,-104.8,1
41.4,-104.5,9
41.4,-104.4,15
41.4,-104.2,2
41.4,-103.5,1
41.4,-103.1,1
41.4,-81.2,2
41.4,-80.8,1
41.4,-80.7,4
41.4,-80.6,2
41.4,-80.5,4
41.4,-80.3,1
41.4,-80.0,1
41.4,-79.5,3
41.4,-79.4,1
41.4,-79.1,1
41.4,-79.0,1
41.4,-78.8,1
41.4,-78.3,4
41.4,-78.2,8
41.4,-77.7,9
41.4,-77.6,32
41.4,-77.5,31
41.4,-77.4,58
41.4,-77.3,38
41.4,-77.2,110
41.4,-77.1,106
41.4,-77.0,102
41.4,-76.9,39
41.4,-76.8,4
41.4,-76.7,1
41.4,-76.6,1
41.5,-110.1,15
41.5,-110.0,6
41.5,-108.8,3
41.5,-108.6,2
41.5,-108.5,4
41.5,-108.1,42
41.5,-108.0,18
41.5,-107.9,45
41.5,-107.8,46
41.5,-107.7,2
41.5,-106.1,1
41.5,-104.5,7
41.5,-104.4,1
41.5,-103.8,1
41.5,-80.3,1
41.5,-79.7,1
41.5,-79.3,1
41.5,-79.2,1
41.5,-79.0,2
41.5,-78.9,3
41.5,-78.7,4
41.5,-78.6,16
41.5,-78.5,14
41.5,-78.4,2
41.5,-78.3,10
41.5,-77.3,4
41.5,-77.2,43
41.5,-77.1,34
41.5,-77.0,37
41.5,-76.9,34
41.5,-76.8,26
41.5,-76.7,10
41.5,-76.6,11
41.5,-76.5,19
41.5,-76.4,49
41.5,-76.3,29
41.5,-76.2,6
41.5,-76.1,14
41.5,-76.0,1
41.6,-110.9,5
41.6,-110.1,8
41.6,-110.0,6
41.6,-108.6,4
41.6,-108.5,22
41.6,-108.4,13
41.6,-108.1,17
41.6,-108.0,98
41.6,-107.9,40
41.6,-107.8,15
41.6,-107.7,30
41.6,-104.7,1
41.6,-80.4,1
41.6,-80.1,1
41.6,-79.4,1
41.6,-79.3,3
41.6,-79.2,2
41.6,-79.1,1
41.6,-78.9,2
41.6,-78.7,9
41.6,-78.5,157
41.6,-78.4,134
41.6,-78.3,33
41.6,-78.0,2
41.6,-77.9,4
41.6,-77.3,32
41.6,-77.2,21
41.6,-77.1,56
41.6,-77.0,75
41.6,-76.9,30
41.6,-76.8,38
41.6,-76.7,69
41.6,-76.6,90
41.6,-76.5,81
41.6,-76.4,48
41.6,-76.3,92
41.6,-76.2,110
41.6,-76.1,114
41.6,-76.0,132
41.6,-75.9,45
41.6,-75.8,10
41.7,-108.2,4
41.7,-108.1,45
41.7,-108.0,88
41.7,-107.9,62
41.7,-107.8,24
41.7,-104.6,1
41.7,-103.6,1
41.7,-79.7,1
41.7,-79.5,1
41.7,-78.7,3
41.7,-78.5,5
41.7,-78.4,1
41.7,-78.3,4
41.7,-78.2,3
41.7,-77.9,15
41.7,-77.7,1
41.7,-77.6,7
41.7,-77.4,33
41.7,-77.3,3
41.7,-77.2,15
41.7,-77.1,69
41.7,-77.0,66
41.7,-76.9,18
41.7,-76.8,27
41.7,-76.7,23
41.7,-76.6,28
41.7,-76.5,46
41.7,-76.4,36
41.7,-76.3,68
41.7,-76.2,97
41.7,-76.1,107
41.7,-76.0,187
41.7,-75.9,167
41.7,-75.8,179
41.7,-75.7,95
41.7,-75.6,31
41.7,-74.7,1
41.8,-110.3,2
41.8,-110.2,2
41.8,-109.1,1
41.8,-108.0,51
41.8,-107.9,1
41.8,-107.8,1
41.8,-107.7,3
41.8,-104.6,1
41.8,-79.3,1
41.8,-78.5,1
41.8,-78.2,6
41.8,-78.1,6
41.8,-78.0,5
41.8,-77.9,9
41.8,-77.7,17
41.8,-77.5,3
41.8,-77.4,19
41.8,-77.3,58
41.8,-77.2,21
41.8,-77.1,11
41.8,-77.0,63
41.8,-76.9,77
41.8,-76.8,78
41.8,-76.7,40
41.8,-76.6,25
41.8,-76.5,39
41.8,-76.4,21
41.8,-76.3,66
41.8,-76.2,160
41.8,-76.1,85
41.8,-76.0,110
41.8,-75.9,150
41.8,-75.8,171
41.8,-75.7,137
41.8,-75.6,109
41.8,-74.0,1
41.9,-110.3,1
41.9,-110.2,1
41.9,-110.1,6
41.9,-108.7,1
41.9,-108.3,1
41.9,-108.2,11
41.9,-108.1,12
41.9,-108.0,54
41.9,-107.9,26
41.9,-104.6,1
41.9,-104.5,2
41.9,-78.8,1
41.9,-78.6,3
41.9,-77.7,1
41.9,-77.6,1
41.9,-77.5,8
41.9,-77.4,46
41.9,-77.3,35
41.9,-77.2,1
41.9,-77.1,1
41.9,-77.0,11
41.9,-76.9,26
41.9,-76.8,19
41.9,-76.7,23
41.9,-76.6,28
41.9,-76.5,16
41.9,-76.4,20
41.9,-76.3,12
41.9,-76.2,22
41.9,-76.1,13
41.9,-76.0,42
41.9,-75.9,68
41.9,-75.8,60
41.9,-75.7,128
41.9,-75.6,88
42.0,-111.0,1
42.0,-108.4,1
42.0,-108.3,3
42.0,-104.6,1
42.0,-104.5,1
42.0,-104.4,1
42.0,-77.4,4
42.0,-77.3,1
42.0,-77.1,1
42.0,-76.9,4
42.0,-76.7,10
42.0,-76.5,5
42.0,-76.4,4
42.0,-76.3,9
42.0,-76.2,6
42.0,-76.1,39
42.0,-76.0,7
42.0,-75.9,11
42.0,-75.8,16
42.0,-75.7,21
42.0,-75.6,6
42.1,-110.0,1
42.1,-104.4,1
42.2,-103.8,4
42.3,-110.3,2
42.3,-110.2,6
42.4,-109.8,15
42.4,-109.7,84
42.4,-109.6,9
42.5,-109.8,9
42.5,-109.7,507
42.5,-109.6,36
42.5,-109.0,1
42.6,-109.8,141
42.6,-109.7,428
42.6,-108.8,1
42.7,-109.9,75
42.7,-109.8,447
42.7,-109.1,1
42.7,-84.9,3
42.8,-109.9,433
42.8,-109.8,28
42.8,-105.6,1
42.8,-105.5,1
42.8,-105.4,15
42.8,-105.3,95
42.8,-105.2,29
42.8,-105.1,9
42.8,-105.0,8
42.8,-104.9,2
42.9,-109.9,6
42.9,-108.3,1
42.9,-106.8,3
42.9,-105.7,1
42.9,-105.6,4
42.9,-105.5,21
42.9,-105.4,28
42.9,-105.3,52
42.9,-105.2,34
42.9,-105.1,23
42.9,-105.0,23
42.9,-104.9,19
42.9,-85.0,1
43.0,-107.7,2
43.0,-106.0,2
43.0,-105.7,3
43.0,-105.6,17
43.0,-105.5,21
43.0,-105.4,106
43.0,-105.3,55
43.0,-105.2,53
43.0,-105.1,27
43.0,-105.0,24
43.0,-104.9,15
43.1,-107.7,4
43.1,-107.6,8
43.1,-107.5,3
43.1,-107.2,9
43.1,-105.7,12
43.1,-105.6,20
43.1,-105.5,6
43.1,-105.4,62
43.1,-105.3,22
43.1,-105.2,1
43.1,-105.1,22
43.1,-105.0,29
43.2,-108.0,1
43.2,-107.9,1
43.2,-107.7,13
43.2,-107.6,29
43.2,-107.5,19
43.2,-105.9,2
43.2,-105.8,2
43.2,-105.7,12
43.2,-105.6,41
43.2,-105.5,3
43.2,-105.4,36
43.2,-105.3,13
43.2,-105.2,9
43.2,-105.1,6
43.2,-82.9,1
43.3,-108.9,23
43.3,-108.0,1
43.3,-106.3,1
43.3,-106.0,4
43.3,-105.9,2
43.3,-105.8,3
43.3,-105.7,14
43.3,-105.6,13
43.3,-105.5,41
43.3,-105.4,20
43.3,-105.3,22
43.4,-106.3,437
43.4,-106.2,27
43.4,-106.0,13
43.4,-105.9,15
43.4,-105.8,15
43.4,-105.7,1
43.4,-105.6,10
43.4,-105.5,61
43.4,-105.4,65
43.4,-105.3,1
43.4,-105.0,1
43.4,-104.8,4
43.4,-104.7,1
43.4,-104.5,9
43.4,-104.4,10
43.5,-109.1,9
43.5,-109.0,62
43.5,-106.3,10
43.5,-106.1,1
43.5,-106.0,7
43.5,-105.9,5
43.5,-105.8,3
43.5,-105.7,9
43.5,-105.6,16
43.5,-105.5,92
43.5,-105.4,9
43.5,-105.3,11
43.5,-105.2,1
43.5,-104.7,1
43.5,-104.4,1
43.5,-82.7,1
43.6,-106.1,8
43.6,-106.0,10
43.6,-105.9,7
43.6,-105.8,13
43.6,-105.7,10
43.6,-105.6,82
43.6,-105.5,82
43.6,-105.4,88
43.6,-104.5,3
43.7,-107.7,1
43.7,-106.3,1
43.7,-106.1,6
43.7,-106.0,19
43.7,-105.9,2
43.7,-105.8,1
43.7,-105.7,25
43.7,-105.6,11
43.7,-105.5,68
43.7,-105.4,34
43.8,-106.2,1
43.8,-106.1,4
43.8,-105.9,8
43.8,-105.8,3
43.8,-105.7,10
43.8,-105.6,3
43.8,-105.5,27
43.8,-105.4,31
43.8,-105.3,19
43.8,-105.2,1
43.8,-85.4,1
43.9,-108.7,11
43.9,-108.6,5
43.9,-107.9,1
43.9,-106.5,1
43.9,-106.4,2
43.9,-106.2,2
43.9,-106.1,8
43.9,-106.0,3
43.9,-105.9,1
43.9,-105.7,1
43.9,-105.6,1
43.9,-105.5,2
43.9,-105.4,1
43.9,-105.3,6
43.9,-84.7,1
43.9,-84.6,1
43.9,-84.4,2
44.0,-116.8,1
44.0,-108.9,11
44.0,-108.7,16
44.0,-108.1,1
44.0,-106.5,3
44.0,-106.4,1
44.0,-106.3,3
44.0,-106.2,2
44.0,-106.1,13
44.0,-105.8,3
44.0,-105.7,1
44.0,-105.6,2
44.0,-105.5,7
44.0,-84.4,1
44.1,-109.4,1
44.1,-109.1,19
44.1,-107.9,2
44.1,-106.3,13
44.1,-106.2,17
44.1,-106.0,2
44.1,-105.7,1
44.1,-85.0,1
44.2,-109.1,24
44.2,-108.0,2
44.2,-106.3,1
44.2,-106.2,4
44.2,-105.9,1
44.2,-105.8,4
44.2,-105.0,1
44.2,-85.1,4
44.2,-84.0,3
44.2,-83.8,1
44.3,-108.9,21
44.3,-105.8,1
44.3,-84.4,1
44.4,-108.9,56
44.4,-108.1,1
44.4,-105.9,1
44.4,-105.8,1
44.5,-108.3,1
44.5,-106.2,1
44.5,-105.9,1
44.5,-105.8,3
44.5,-85.0,1
44.6,-84.8,2
44.7,-106.8,1
44.7,-85.0,4
44.8,-108.6,6
44.8,-108.5,13
44.8,-105.8,1
44.8,-85.2,1
45.0,-108.9,1
45.0,-106.7,3
45.1,-105.2,2
45.1,-105.1,31
45.2,-105.0,1
45.2,-103.1,1
45.2,-84.7,1
45.3,-109.6,1
45.3,-109.1,2
45.5,-103.5,1
46.1,-104.1,10
46.2,-105.2,1
46.2,-104.2,1
46.5,-103.1,1
46.5,-102.6,1
46.6,-107.8,1
46.6,-107.6,1
46.6,-107.4,2
46.6,-103.2,1
46.6,-103.1,1
46.7,-108.0,2
46.7,-107.7,1
46.7,-107.6,1
46.7,-107.5,4
46.7,-104.2,4
46.7,-103.2,1
46.7,-103.0,2
46.7,-102.9,1
46.7,-102.7,1
46.8,-107.7,1
46.8,-103.4,1
46.8,-103.2,1
46.8,-103.0,1
46.8,-102.9,6
46.8,-102.6,1
46.9,-107.7,1
46.9,-104.2,10
46.9,-104.1,9
46.9,-103.8,1
46.9,-103.3,33
46.9,-103.2,95
46.9,-103.1,39
46.9,-103.0,31
46.9,-102.9,33
46.9,-102.7,1
47.0,-110.0,1
47.0,-109.6,2
47.0,-104.1,1
47.0,-103.9,2
47.0,-103.6,1
47.0,-103.4,1
47.0,-103.3,12
47.0,-103.2,25
47.0,-103.1,16
47.0,-103.0,14
47.0,-102.9,12
47.0,-102.8,3
47.0,-102.7,1
47.0,-102.5,1
47.1,-110.3,1
47.1,-103.9,2
47.1,-103.7,2
47.1,-103.6,4
47.1,-103.5,2
47.1,-103.4,7
47.1,-103.3,3
47.1,-103.2,8
47.1,-103.1,10
47.1,-103.0,13
47.1,-102.9,17
47.1,-102.8,12
47.1,-102.7,10
47.1,-102.6,5
47.2,-103.7,10
47.2,-103.6,3
47.2,-103.5,3
47.2,-103.4,2
47.2,-103.2,3
47.2,-103.1,11
47.2,-103.0,24
47.2,-102.9,52
47.2,-102.8,50
47.2,-102.7,32
47.2,-102.6,8
47.2,-102.2,1
47.3,-104.6,4
47.3,-103.8,1
47.3,-103.5,1
47.3,-103.2,2
47.3,-103.1,26
47.3,-103.0,34
47.3,-102.9,63
47.3,-102.8,30
47.3,-102.7,19
47.3,-102.6,7
47.3,-102.5,15
47.3,-102.4,2
47.3,-102.3,1
47.4,-104.6,2
47.4,-104.0,1
47.4,-103.8,1
47.4,-103.6,2
47.4,-103.5,2
47.4,-103.4,2
47.4,-103.3,4
47.4,-103.2,1
47.4,-103.1,52
47.4,-103.0,72
47.4,-102.9,83
47.4,-102.8,101
47.4,-102.7,165
47.4,-102.6,124
47.4,-102.5,57
47.4,-102.4,30
47.4,-102.3,6
47.5,-105.0,2
47.5,-104.2,1
47.5,-104.1,6
47.5,-104.0,4
47.5,-103.9,2
47.5,-103.8,3
47.5,-103.7,4
47.5,-103.6,1
47.5,-103.5,1
47.5,-103.4,7
47.5,-103.3,6
47.5,-103.2,17
47.5,-103.1,26
47.5,-103.0,123
47.5,-102.9,190
47.5,-102.8,187
47.5,-102.7,110
47.5,-102.6,92
47.5,-102.5,51
47.5,-102.4,25
47.5,-102.3,4
47.5,-101.2,1
47.6,-104.5,2
47.6,-104.4,5
47.6,-104.2,4
47.6,-104.1,8
47.6,-104.0,1
47.6,-103.9,8
47.6,-103.8,1
47.6,-103.7,9
47.6,-103.6,2
47.6,-103.5,26
47.6,-103.4,4
47.6,-103.3,20
47.6,-103.2,14
47.6,-103.1,77
47.6,-103.0,91
47.6,-102.9,132
47.6,-102.8,60
47.6,-102.7,129
47.6,-102.6,140
47.6,-102.5,166
47.6,-102.4,36
47.6,-102.3,2
47.7,-105.1,1
47.7,-105.0,2
47.7,-104.9,6
47.7,-104.8,9
47.7,-104.7,5
47.7,-104.6,16
47.7,-104.5,10
47.7,-104.4,9
47.7,-104.3,12
47.7,-104.2,6
47.7,-104.1,6
47.7,-103.9,1
47.7,-103.8,27
47.7,-103.7,41
47.7,-103.6,32
47.7,-103.5,41
47.7,-103.4,69
47.7,-103.3,114
47.7,-103.2,83
47.7,-103.1,73
47.7,-103.0,83
47.7,-102.9,160
47.7,-102.8,114
47.7,-102.7,117
47.7,-102.6,143
47.7,-102.5,170
47.7,-102.4,126
47.7,-102.3,46
47.7,-102.2,3
47.8,-105.1,3
47.8,-105.0,19
47.8,-104.9,18
47.8,-104.8,19
47.8,-104.7,12
47.8,-104.6,15
47.8,-104.5,15
47.8,-104.4,15
47.8,-104.3,11
47.8,-104.2,4
47.8,-104.1,15
47.8,-104.0,30
47.8,-103.9,3
47.8,-103.8,25
47.8,-103.7,35
47.8,-103.6,89
47.8,-103.5,67
47.8,-103.4,139
47.8,-103.3,131
47.8,-103.2,129
47.8,-103.1,208
47.8,-103.0,211
47.8,-102.9,223
47.8,-102.8,210
47.8,-102.7,140
47.8,-102.6,170
47.8,-102.5,120
47.8,-102.4,88
47.8,-102.3,7
47.8,-102.2,32
47.8,-101.0,1
47.9,-105.2,1
47.9,-105.1,2
47.9,-105.0,8
47.9,-104.9,10
47.9,-104.8,16
47.9,-104.7,16
47.9,-104.6,17
47.9,-104.5,1
47.9,-104.4,8
47.9,-104.3,6
47.9,-104.2,54
47.9,-104.1,56
47.9,-104.0,21
47.9,-103.9,42
47.9,-103.8,33
47.9,-103.7,59
47.9,-103.6,74
47.9,-103.5,115
47.9,-103.4,108
47.9,-103.3,132
47.9,-103.2,98
47.9,-103.1,104
47.9,-103.0,95
47.9,-102.9,156
47.9,-102.8,96
47.9,-102.7,165
47.9,-102.6,128
47.9,-102.5,151
47.9,-102.4,93
47.9,-102.3,61
47.9,-102.2,50
48.0,-105.2,2
48.0,-105.1,1
48.0,-105.0,6
48.0,-104.9,15
48.0,-104.8,12
48.0,-104.7,9
48.0,-104.6,6
48.0,-104.5,2
48.0,-104.4,8
48.0,-104.3,23
48.0,-104.2,26
48.0,-104.1,39
48.0,-104.0,42
48.0,-103.9,44
48.0,-103.8,24
48.0,-103.7,72
48.0,-103.6,66
48.0,-103.5,109
48.0,-103.4,129
48.0,-103.3,154
48.0,-103.2,136
48.0,-103.1,113
48.0,-103.0,203
48.0,-102.9,146
48.0,-102.8,120
48.0,-102.7,210
48.0,-102.6,130
48.0,-102.5,138
48.0,-102.4,118
48.0,-102.3,89
48.0,-102.2,83
48.0,-102.1,10
48.0,-102.0,3
48.0,-101.2,1
48.0,-101.1,1
48.1,-104.9,4
48.1,-104.8,2
48.1,-104.7,1
48.1,-104.4,6
48.1,-104.3,37
48.1,-104.2,20
48.1,-104.1,29
48.1,-104.0,37
48.1,-103.9,23
48.1,-103.8,37
48.1,-103.7,66
48.1,-103.6,67
48.1,-103.5,112
48.1,-103.4,120
48.1,-103.3,151
48.1,-103.2,104
48.1,-103.1,131
48.1,-103.0,67
48.1,-102.9,88
48.1,-102.8,162
48.1,-102.7,165
48.1,-102.6,196
48.1,-102.5,84
48.1,-102.4,104
48.1,-102.3,47
48.1,-102.2,60
48.1,-102.1,8
48.2,-105.1,1
48.2,-104.9,1
48.2,-104.7,1
48.2,-104.5,1
48.2,-104.4,3
48.2,-104.3,7
48.2,-104.2,27
48.2,-104.1,31
48.2,-104.0,35
48.2,-103.9,30
48.2,-103.8,28
48.2,-103.7,87
48.2,-103.6,95
48.2,-103.5,111
48.2,-103.4,107
48.2,-103.3,139
48.2,-103.2,140
48.2,-103.1,112
48.2,-103.0,82
48.2,-102.9,122
48.2,-102.8,189
48.2,-102.7,166
48.2,-102.6,132
48.2,-102.5,105
48.2,-102.4,66
48.2,-102.3,53
48.2,-102.2,29
48.2,-102.0,1
48.2,-100.0,1
48.3,-113.3,1
48.3,-110.0,1
48.3,-104.5,1
48.3,-104.4,3
48.3,-104.3,1
48.3,-104.2,2
48.3,-104.1,5
48.3,-104.0,12
48.3,-103.9,24
48.3,-103.8,46
48.3,-103.7,80
48.3,-103.6,127
48.3,-103.5,133
48.3,-103.4,116
48.3,-103.3,112
48.3,-103.2,71
48.3,-103.1,79
48.3,-103.0,64
48.3,-102.9,69
48.3,-102.8,91
48.3,-102.7,127
48.3,-102.6,112
48.3,-102.5,77
48.3,-102.4,52
48.3,-102.3,30
48.3,-102.2,7
48.4,-106.1,3
48.4,-104.6,1
48.4,-104.4,1
48.4,-104.3,1
48.4,-104.1,5
48.4,-104.0,9
48.4,-103.9,6
48.4,-103.8,10
48.4,-103.7,18
48.4,-103.6,48
48.4,-103.5,94
48.4,-103.4,65
48.4,-103.3,62
48.4,-103.2,36
48.4,-103.1,38
48.4,-103.0,24
48.4,-102.9,43
48.4,-102.8,44
48.4,-102.7,57
48.4,-102.6,45
48.4,-102.5,12
48.4,-102.4,13
48.4,-102.3,41
48.4,-102.2,32
48.5,-113.2,2
48.5,-111.6,1
48.5,-104.0,2
48.5,-103.9,8
48.5,-103.8,12
48.5,-103.7,38
48.5,-103.6,74
48.5,-103.5,84
48.5,-103.4,55
48.5,-103.3,35
48.5,-103.2,18
48.5,-103.1,35
48.5,-103.0,81
48.5,-102.9,71
48.5,-102.8,38
48.5,-102.7,50
48.5,-102.6,32
48.5,-102.5,17
48.5,-102.4,36
48.5,-102.3,13
48.5,-102.2,4
48.6,-111.2,1
48.6,-104.8,1
48.6,-104.4,3
48.6,-104.0,1
48.6,-103.9,5
48.6,-103.8,3
48.6,-103.7,26
48.6,-103.6,23
48.6,-103.5,25
48.6,-103.4,35
48.6,-103.3,32
48.6,-103.2,17
48.6,-103.1,6
48.6,-103.0,58
48.6,-102.9,52
48.6,-102.8,32
48.6,-102.7,13
48.6,-102.6,12
48.6,-102.5,5
48.6,-102.4,6
48.6,-102.3,13
48.6,-100.4,2
48.7,-112.4,2
48.7,-111.6,1
48.7,-104.0,9
48.7,-103.9,31
48.7,-103.8,23
48.7,-103.7,12
48.7,-103.6,16
48.7,-103.5,19
48.7,-103.4,26
48.7,-103.3,9
48.7,-103.2,14
48.7,-103.1,19
48.7,-103.0,30
48.7,-102.9,25
48.7,-102.8,17
48.7,-102.7,25
48.7,-102.6,8
48.7,-102.5,14
48.7,-102.4,8
48.7,-102.3,6
48.7,-101.5,1
48.8,-113.0,1
48.8,-112.8,1
48.8,-112.6,1
48.8,-112.5,1
48.8,-111.6,3
48.8,-105.5,1
48.8,-104.9,1
48.8,-104.1,1
48.8,-104.0,2
48.8,-103.9,6
48.8,-103.8,16
48.8,-103.7,12
48.8,-103.6,25
48.8,-103.5,15
48.8,-103.4,29
48.8,-103.3,18
48.8,-103.2,16
48.8,-103.1,14
48.8,-103.0,16
48.8,-102.9,8
48.8,-102.8,8
48.8,-102.7,6
48.8,-102.6,13
48.8,-102.4,3
48.8,-102.3,3
48.8,-101.7,1
48.8,-101.3,1
48.9,-113.3,1
48.9,-113.0,1
48.9,-112.8,1
48.9,-112.4,1
48.9,-111.9,1
48.9,-105.6,1
48.9,-104.6,1
48.9,-104.2,1
48.9,-104.1,3
48.9,-104.0,7
48.9,-103.8,19
48.9,-103.7,22
48.9,-103.6,39
48.9,-103.5,50
48.9,-103.4,8
48.9,-103.3,5
48.9,-103.2,5
48.9,-103.1,1
48.9,-103.0,2
48.9,-102.9,1
48.9,-102.7,3
48.9,-102.5,6
48.9,-102.4,9
48.9,-102.3,2
48.9,-102.2,1
48.9,-100.6,16
48.9,-100.5,1
49.0,-113.3,1
49.0,-111.9,1
49.0,-104.4,2
49.0,-104.3,2
49.0,-104.2,5
49.0,-104.1,2
49.0,-104.0,1
49.0,-103.9,18
49.0,-103.8,29
49.0,-103.7,35
49.0,-103.6,45
49.0,-103.5,19
49.0,-103.4,4
49.0,-103.3,1
49.0,-103.2,2
49.0,-103.1,2
49.0,-102.9,1
49.0,-102.7,8
49.0,-102.6,10
49.0,-102.5,2
49.0,-102.4,1
49.0,-102.3,1
49.0,-100.8,11
49.0,-100.7,4
49.0,-100.6,68
